file,line,type,commit,author,date,time,timezone,datetime,depth,length
style.css,1,css,c689331b,Sophie-WZR,2025-01-16,17:07:01,-08:00,2025-01-16T17:07:01-08:00,0,16
style.css,2,css,c689331b,Sophie-WZR,2025-01-16,17:07:01,-08:00,2025-01-16T17:07:01-08:00,0,6
style.css,3,css,1bb0f3aa,Sophie-WZR,2025-01-16,17:33:36,-08:00,2025-01-16T17:33:36-08:00,0,37
style.css,4,css,49e61af8,Sophie-WZR,2025-02-08,16:27:11,-08:00,2025-02-08T16:27:11-08:00,0,52
style.css,5,css,f176286c,Sophie-WZR,2025-01-23,18:00:37,-08:00,2025-01-23T18:00:37-08:00,0,24
style.css,6,css,c689331b,Sophie-WZR,2025-01-16,17:07:01,-08:00,2025-01-16T17:07:01-08:00,0,0
style.css,7,css,c689331b,Sophie-WZR,2025-01-16,17:07:01,-08:00,2025-01-16T17:07:01-08:00,0,0
style.css,8,css,99f558a5,Sophie-WZR,2025-01-09,22:41:22,-08:00,2025-01-09T22:41:22-08:00,0,5
style.css,9,css,49e61af8,Sophie-WZR,2025-02-08,16:27:11,-08:00,2025-02-08T16:27:11-08:00,0,19
style.css,10,css,49e61af8,Sophie-WZR,2025-02-08,16:27:11,-08:00,2025-02-08T16:27:11-08:00,0,16
style.css,11,css,49e61af8,Sophie-WZR,2025-02-08,16:27:11,-08:00,2025-02-08T16:27:11-08:00,0,13
style.css,12,css,49e61af8,Sophie-WZR,2025-02-08,16:27:11,-08:00,2025-02-08T16:27:11-08:00,0,24
style.css,13,css,49e61af8,Sophie-WZR,2025-02-08,16:27:11,-08:00,2025-02-08T16:27:11-08:00,0,0
style.css,14,css,49e61af8,Sophie-WZR,2025-02-08,16:27:11,-08:00,2025-02-08T16:27:11-08:00,0,0
style.css,15,css,c689331b,Sophie-WZR,2025-01-16,17:07:01,-08:00,2025-01-16T17:07:01-08:00,0,4
style.css,16,css,49e61af8,Sophie-WZR,2025-02-08,16:27:11,-08:00,2025-02-08T16:27:11-08:00,0,13
style.css,17,css,49e61af8,Sophie-WZR,2025-02-08,16:27:11,-08:00,2025-02-08T16:27:11-08:00,0,51
style.css,18,css,49e61af8,Sophie-WZR,2025-02-08,16:27:11,-08:00,2025-02-08T16:27:11-08:00,0,18
style.css,19,css,49e61af8,Sophie-WZR,2025-02-08,16:27:11,-08:00,2025-02-08T16:27:11-08:00,0,15
style.css,20,css,1bb0f3aa,Sophie-WZR,2025-01-16,17:33:36,-08:00,2025-01-16T17:33:36-08:00,0,0
style.css,21,css,c689331b,Sophie-WZR,2025-01-16,17:07:01,-08:00,2025-01-16T17:07:01-08:00,0,0
style.css,22,css,1bb0f3aa,Sophie-WZR,2025-01-16,17:33:36,-08:00,2025-01-16T17:33:36-08:00,0,6
style.css,23,css,1bb0f3aa,Sophie-WZR,2025-01-16,17:33:36,-08:00,2025-01-16T17:33:36-08:00,0,7
style.css,24,css,1bb0f3aa,Sophie-WZR,2025-01-16,17:33:36,-08:00,2025-01-16T17:33:36-08:00,0,21
style.css,25,css,1bb0f3aa,Sophie-WZR,2025-01-16,17:33:36,-08:00,2025-01-16T17:33:36-08:00,0,14
style.css,26,css,1bb0f3aa,Sophie-WZR,2025-01-16,17:33:36,-08:00,2025-01-16T17:33:36-08:00,0,18
style.css,27,css,944da4be,Sophie-WZR,2025-01-16,18:15:44,-08:00,2025-01-16T18:15:44-08:00,0,14
style.css,28,css,1bb0f3aa,Sophie-WZR,2025-01-16,17:33:36,-08:00,2025-01-16T17:33:36-08:00,0,0
style.css,29,css,c689331b,Sophie-WZR,2025-01-16,17:07:01,-08:00,2025-01-16T17:07:01-08:00,0,0
style.css,30,css,1bb0f3aa,Sophie-WZR,2025-01-16,17:33:36,-08:00,2025-01-16T17:33:36-08:00,0,12
style.css,31,css,1bb0f3aa,Sophie-WZR,2025-01-16,17:33:36,-08:00,2025-01-16T17:33:36-08:00,0,46
style.css,32,css,20323671,Sophie-WZR,2025-01-23,18:26:51,-08:00,2025-01-23T18:26:51-08:00,0,70
style.css,33,css,1bb0f3aa,Sophie-WZR,2025-01-16,17:33:36,-08:00,2025-01-16T17:33:36-08:00,0,21
style.css,34,css,1bb0f3aa,Sophie-WZR,2025-01-16,17:33:36,-08:00,2025-01-16T17:33:36-08:00,0,0
style.css,35,css,c689331b,Sophie-WZR,2025-01-16,17:07:01,-08:00,2025-01-16T17:07:01-08:00,0,0
style.css,36,css,1bb0f3aa,Sophie-WZR,2025-01-16,17:33:36,-08:00,2025-01-16T17:33:36-08:00,0,9
style.css,37,css,1bb0f3aa,Sophie-WZR,2025-01-16,17:33:36,-08:00,2025-01-16T17:33:36-08:00,0,17
style.css,38,css,1bb0f3aa,Sophie-WZR,2025-01-16,17:33:36,-08:00,2025-01-16T17:33:36-08:00,0,34
style.css,39,css,1bb0f3aa,Sophie-WZR,2025-01-16,17:33:36,-08:00,2025-01-16T17:33:36-08:00,0,21
style.css,40,css,1bb0f3aa,Sophie-WZR,2025-01-16,17:33:36,-08:00,2025-01-16T17:33:36-08:00,0,0
style.css,41,css,c689331b,Sophie-WZR,2025-01-16,17:07:01,-08:00,2025-01-16T17:07:01-08:00,0,0
style.css,42,css,1bb0f3aa,Sophie-WZR,2025-01-16,17:33:36,-08:00,2025-01-16T17:33:36-08:00,0,5
style.css,43,css,23d4dd12,Sophie-WZR,2025-01-16,17:49:45,-08:00,2025-01-16T17:49:45-08:00,0,13
style.css,44,css,23d4dd12,Sophie-WZR,2025-01-16,17:49:45,-08:00,2025-01-16T17:49:45-08:00,0,31
style.css,45,css,23d4dd12,Sophie-WZR,2025-01-16,17:49:45,-08:00,2025-01-16T17:49:45-08:00,0,13
style.css,46,css,23d4dd12,Sophie-WZR,2025-01-16,17:49:45,-08:00,2025-01-16T17:49:45-08:00,0,8
style.css,47,css,944da4be,Sophie-WZR,2025-01-16,18:15:44,-08:00,2025-01-16T18:15:44-08:00,0,11
style.css,48,css,a01fabcb,Sophie-WZR,2025-01-16,17:59:16,-08:00,2025-01-16T17:59:16-08:00,0,0
style.css,49,css,a01fabcb,Sophie-WZR,2025-01-16,17:59:16,-08:00,2025-01-16T17:59:16-08:00,0,0
style.css,50,css,a01fabcb,Sophie-WZR,2025-01-16,17:59:16,-08:00,2025-01-16T17:59:16-08:00,0,12
style.css,51,css,a01fabcb,Sophie-WZR,2025-01-16,17:59:16,-08:00,2025-01-16T17:59:16-08:00,0,13
style.css,52,css,a01fabcb,Sophie-WZR,2025-01-16,17:59:16,-08:00,2025-01-16T17:59:16-08:00,0,30
style.css,53,css,a01fabcb,Sophie-WZR,2025-01-16,17:59:16,-08:00,2025-01-16T17:59:16-08:00,0,19
style.css,54,css,a01fabcb,Sophie-WZR,2025-01-16,17:59:16,-08:00,2025-01-16T17:59:16-08:00,0,8
style.css,55,css,a01fabcb,Sophie-WZR,2025-01-16,17:59:16,-08:00,2025-01-16T17:59:16-08:00,0,0
style.css,56,css,a01fabcb,Sophie-WZR,2025-01-16,17:59:16,-08:00,2025-01-16T17:59:16-08:00,0,0
style.css,57,css,d228b79f,Sophie-WZR,2025-01-16,18:08:27,-08:00,2025-01-16T18:08:27-08:00,0,7
style.css,58,css,a01fabcb,Sophie-WZR,2025-01-16,17:59:16,-08:00,2025-01-16T17:59:16-08:00,0,19
style.css,59,css,d228b79f,Sophie-WZR,2025-01-16,18:08:27,-08:00,2025-01-16T18:08:27-08:00,0,0
style.css,60,css,d228b79f,Sophie-WZR,2025-01-16,18:08:27,-08:00,2025-01-16T18:08:27-08:00,0,0
style.css,61,css,d228b79f,Sophie-WZR,2025-01-16,18:08:27,-08:00,2025-01-16T18:08:27-08:00,0,10
style.css,62,css,d228b79f,Sophie-WZR,2025-01-16,18:08:27,-08:00,2025-01-16T18:08:27-08:00,0,13
style.css,63,css,d228b79f,Sophie-WZR,2025-01-16,18:08:27,-08:00,2025-01-16T18:08:27-08:00,0,59
style.css,64,css,d228b79f,Sophie-WZR,2025-01-16,18:08:27,-08:00,2025-01-16T18:08:27-08:00,0,0
style.css,65,css,d228b79f,Sophie-WZR,2025-01-16,18:08:27,-08:00,2025-01-16T18:08:27-08:00,0,0
style.css,66,css,d228b79f,Sophie-WZR,2025-01-16,18:08:27,-08:00,2025-01-16T18:08:27-08:00,0,8
style.css,67,css,d228b79f,Sophie-WZR,2025-01-16,18:08:27,-08:00,2025-01-16T18:08:27-08:00,0,13
style.css,68,css,d228b79f,Sophie-WZR,2025-01-16,18:08:27,-08:00,2025-01-16T18:08:27-08:00,0,27
style.css,69,css,d228b79f,Sophie-WZR,2025-01-16,18:08:27,-08:00,2025-01-16T18:08:27-08:00,0,16
style.css,70,css,d228b79f,Sophie-WZR,2025-01-16,18:08:27,-08:00,2025-01-16T18:08:27-08:00,0,8
style.css,71,css,2de43349,Sophie-WZR,2025-01-16,18:33:11,-08:00,2025-01-16T18:33:11-08:00,0,12
style.css,72,css,d228b79f,Sophie-WZR,2025-01-16,18:08:27,-08:00,2025-01-16T18:08:27-08:00,0,0
style.css,73,css,d228b79f,Sophie-WZR,2025-01-16,18:08:27,-08:00,2025-01-16T18:08:27-08:00,0,0
style.css,74,css,d228b79f,Sophie-WZR,2025-01-16,18:08:27,-08:00,2025-01-16T18:08:27-08:00,0,3
style.css,75,css,d228b79f,Sophie-WZR,2025-01-16,18:08:27,-08:00,2025-01-16T18:08:27-08:00,0,15
style.css,76,css,d228b79f,Sophie-WZR,2025-01-16,18:08:27,-08:00,2025-01-16T18:08:27-08:00,0,0
style.css,77,css,d228b79f,Sophie-WZR,2025-01-16,18:08:27,-08:00,2025-01-16T18:08:27-08:00,0,0
style.css,78,css,d228b79f,Sophie-WZR,2025-01-16,18:08:27,-08:00,2025-01-16T18:08:27-08:00,0,23
style.css,79,css,d228b79f,Sophie-WZR,2025-01-16,18:08:27,-08:00,2025-01-16T18:08:27-08:00,0,16
style.css,80,css,944da4be,Sophie-WZR,2025-01-16,18:15:44,-08:00,2025-01-16T18:15:44-08:00,0,18
style.css,81,css,5e5d8cb0,Sophie-WZR,2025-01-23,18:13:17,-08:00,2025-01-23T18:13:17-08:00,0,0
style.css,82,css,5e5d8cb0,Sophie-WZR,2025-01-23,18:13:17,-08:00,2025-01-23T18:13:17-08:00,0,0
style.css,83,css,49e61af8,Sophie-WZR,2025-02-08,16:27:11,-08:00,2025-02-08T16:27:11-08:00,0,14
style.css,84,css,5e5d8cb0,Sophie-WZR,2025-01-23,18:13:17,-08:00,2025-01-23T18:13:17-08:00,0,18
style.css,85,css,5e5d8cb0,Sophie-WZR,2025-01-23,18:13:17,-08:00,2025-01-23T18:13:17-08:00,0,9
style.css,86,css,5e5d8cb0,Sophie-WZR,2025-01-23,18:13:17,-08:00,2025-01-23T18:13:17-08:00,0,11
style.css,87,css,5e5d8cb0,Sophie-WZR,2025-01-23,18:13:17,-08:00,2025-01-23T18:13:17-08:00,0,14
style.css,88,css,5e5d8cb0,Sophie-WZR,2025-01-23,18:13:17,-08:00,2025-01-23T18:13:17-08:00,0,20
style.css,89,css,5e5d8cb0,Sophie-WZR,2025-01-23,18:13:17,-08:00,2025-01-23T18:13:17-08:00,0,14
style.css,90,css,9ce05357,Sophie-WZR,2025-01-31,17:58:29,-08:00,2025-01-31T17:58:29-08:00,0,0
style.css,91,css,9ce05357,Sophie-WZR,2025-01-31,17:58:29,-08:00,2025-01-31T17:58:29-08:00,0,0
style.css,92,css,60aca1bc,Sophie-WZR,2025-02-08,22:51:11,-08:00,2025-02-08T22:51:11-08:00,0,15
style.css,93,css,60aca1bc,Sophie-WZR,2025-02-08,22:51:11,-08:00,2025-02-08T22:51:11-08:00,0,18
style.css,94,css,60aca1bc,Sophie-WZR,2025-02-08,22:51:11,-08:00,2025-02-08T22:51:11-08:00,0,30
style.css,95,css,60aca1bc,Sophie-WZR,2025-02-08,22:51:11,-08:00,2025-02-08T22:51:11-08:00,0,0
style.css,96,css,60aca1bc,Sophie-WZR,2025-02-08,22:51:11,-08:00,2025-02-08T22:51:11-08:00,0,0
style.css,97,css,49e61af8,Sophie-WZR,2025-02-08,16:27:11,-08:00,2025-02-08T16:27:11-08:00,0,19
style.css,98,css,49e61af8,Sophie-WZR,2025-02-08,16:27:11,-08:00,2025-02-08T16:27:11-08:00,0,15
style.css,99,css,49e61af8,Sophie-WZR,2025-02-08,16:27:11,-08:00,2025-02-08T16:27:11-08:00,0,17
style.css,100,css,49e61af8,Sophie-WZR,2025-02-08,16:27:11,-08:00,2025-02-08T16:27:11-08:00,0,17
style.css,101,css,49e61af8,Sophie-WZR,2025-02-08,16:27:11,-08:00,2025-02-08T16:27:11-08:00,0,0
style.css,102,css,49e61af8,Sophie-WZR,2025-02-08,16:27:11,-08:00,2025-02-08T16:27:11-08:00,0,0
style.css,103,css,49e61af8,Sophie-WZR,2025-02-08,16:27:11,-08:00,2025-02-08T16:27:11-08:00,0,5
style.css,104,css,49e61af8,Sophie-WZR,2025-02-08,16:27:11,-08:00,2025-02-08T16:27:11-08:00,0,17
style.css,105,css,49e61af8,Sophie-WZR,2025-02-08,16:27:11,-08:00,2025-02-08T16:27:11-08:00,0,15
style.css,106,css,49e61af8,Sophie-WZR,2025-02-08,16:27:11,-08:00,2025-02-08T16:27:11-08:00,0,0
style.css,107,css,49e61af8,Sophie-WZR,2025-02-08,16:27:11,-08:00,2025-02-08T16:27:11-08:00,0,0
style.css,108,css,49e61af8,Sophie-WZR,2025-02-08,16:27:11,-08:00,2025-02-08T16:27:11-08:00,0,37
style.css,109,css,49e61af8,Sophie-WZR,2025-02-08,16:27:11,-08:00,2025-02-08T16:27:11-08:00,0,12
style.css,110,css,49e61af8,Sophie-WZR,2025-02-08,16:27:11,-08:00,2025-02-08T16:27:11-08:00,0,0
style.css,111,css,49e61af8,Sophie-WZR,2025-02-08,16:27:11,-08:00,2025-02-08T16:27:11-08:00,0,0
style.css,112,css,49e61af8,Sophie-WZR,2025-02-08,16:27:11,-08:00,2025-02-08T16:27:11-08:00,0,9
style.css,113,css,49e61af8,Sophie-WZR,2025-02-08,16:27:11,-08:00,2025-02-08T16:27:11-08:00,0,18
style.css,114,css,49e61af8,Sophie-WZR,2025-02-08,16:27:11,-08:00,2025-02-08T16:27:11-08:00,0,36
style.css,115,css,49e61af8,Sophie-WZR,2025-02-08,16:27:11,-08:00,2025-02-08T16:27:11-08:00,0,0
style.css,116,css,49e61af8,Sophie-WZR,2025-02-08,16:27:11,-08:00,2025-02-08T16:27:11-08:00,0,0
style.css,117,css,49e61af8,Sophie-WZR,2025-02-08,16:27:11,-08:00,2025-02-08T16:27:11-08:00,0,15
style.css,118,css,49e61af8,Sophie-WZR,2025-02-08,16:27:11,-08:00,2025-02-08T16:27:11-08:00,0,18
style.css,119,css,9ce05357,Sophie-WZR,2025-01-31,17:58:29,-08:00,2025-01-31T17:58:29-08:00,0,0
style.css,120,css,7a0995cd,Sophie-WZR,2025-01-31,18:12:41,-08:00,2025-01-31T18:12:41-08:00,0,0
style.css,121,css,7a0995cd,Sophie-WZR,2025-01-31,18:12:41,-08:00,2025-01-31T18:12:41-08:00,0,3
style.css,122,css,7a0995cd,Sophie-WZR,2025-01-31,18:12:41,-08:00,2025-01-31T18:12:41-08:00,0,13
style.css,123,css,49e61af8,Sophie-WZR,2025-02-08,16:27:11,-08:00,2025-02-08T16:27:11-08:00,0,37
style.css,124,css,7a0995cd,Sophie-WZR,2025-01-31,18:12:41,-08:00,2025-01-31T18:12:41-08:00,0,16
style.css,125,css,7a0995cd,Sophie-WZR,2025-01-31,18:12:41,-08:00,2025-01-31T18:12:41-08:00,0,0
style.css,126,css,7a0995cd,Sophie-WZR,2025-01-31,18:12:41,-08:00,2025-01-31T18:12:41-08:00,0,0
style.css,127,css,53506d4d,Sophie-WZR,2025-01-31,21:41:52,-08:00,2025-01-31T21:41:52-08:00,0,3
style.css,128,css,53506d4d,Sophie-WZR,2025-01-31,21:41:52,-08:00,2025-01-31T21:41:52-08:00,0,15
style.css,129,css,53506d4d,Sophie-WZR,2025-01-31,21:41:52,-08:00,2025-01-31T21:41:52-08:00,0,11
style.css,130,css,53506d4d,Sophie-WZR,2025-01-31,21:41:52,-08:00,2025-01-31T21:41:52-08:00,0,25
style.css,131,css,53506d4d,Sophie-WZR,2025-01-31,21:41:52,-08:00,2025-01-31T21:41:52-08:00,0,11
style.css,132,css,53506d4d,Sophie-WZR,2025-01-31,21:41:52,-08:00,2025-01-31T21:41:52-08:00,0,16
style.css,133,css,53506d4d,Sophie-WZR,2025-01-31,21:41:52,-08:00,2025-01-31T21:41:52-08:00,0,0
style.css,134,css,53506d4d,Sophie-WZR,2025-01-31,21:41:52,-08:00,2025-01-31T21:41:52-08:00,0,0
style.css,135,css,53506d4d,Sophie-WZR,2025-01-31,21:41:52,-08:00,2025-01-31T21:41:52-08:00,0,3
style.css,136,css,53506d4d,Sophie-WZR,2025-01-31,21:41:52,-08:00,2025-01-31T21:41:52-08:00,0,15
style.css,137,css,53506d4d,Sophie-WZR,2025-01-31,21:41:52,-08:00,2025-01-31T21:41:52-08:00,0,9
style.css,138,css,53506d4d,Sophie-WZR,2025-01-31,21:41:52,-08:00,2025-01-31T21:41:52-08:00,0,11
style.css,139,css,53506d4d,Sophie-WZR,2025-01-31,21:41:52,-08:00,2025-01-31T21:41:52-08:00,0,16
style.css,140,css,e8822536,Sophie-WZR,2025-02-08,15:09:33,-08:00,2025-02-08T15:09:33-08:00,0,0
style.css,141,css,e8822536,Sophie-WZR,2025-02-08,15:09:33,-08:00,2025-02-08T15:09:33-08:00,0,0
style.css,142,css,94503d1c,Sophie-WZR,2025-02-08,22:00:01,-08:00,2025-02-08T22:00:01-08:00,0,0
style.css,143,css,94503d1c,Sophie-WZR,2025-02-08,22:00:01,-08:00,2025-02-08T22:00:01-08:00,0,6
style.css,144,css,94503d1c,Sophie-WZR,2025-02-08,22:00:01,-08:00,2025-02-08T22:00:01-08:00,0,18
style.css,145,css,94503d1c,Sophie-WZR,2025-02-08,22:00:01,-08:00,2025-02-08T22:00:01-08:00,0,16
style.css,146,css,94503d1c,Sophie-WZR,2025-02-08,22:00:01,-08:00,2025-02-08T22:00:01-08:00,0,11
style.css,147,css,94503d1c,Sophie-WZR,2025-02-08,22:00:01,-08:00,2025-02-08T22:00:01-08:00,0,18
style.css,148,css,94503d1c,Sophie-WZR,2025-02-08,22:00:01,-08:00,2025-02-08T22:00:01-08:00,0,0
style.css,149,css,94503d1c,Sophie-WZR,2025-02-08,22:00:01,-08:00,2025-02-08T22:00:01-08:00,0,0
style.css,150,css,94503d1c,Sophie-WZR,2025-02-08,22:00:01,-08:00,2025-02-08T22:00:01-08:00,0,0
style.css,151,css,94503d1c,Sophie-WZR,2025-02-08,22:00:01,-08:00,2025-02-08T22:00:01-08:00,0,11
style.css,152,css,60aca1bc,Sophie-WZR,2025-02-08,22:51:11,-08:00,2025-02-08T22:51:11-08:00,0,31
style.css,153,css,60aca1bc,Sophie-WZR,2025-02-08,22:51:11,-08:00,2025-02-08T22:51:11-08:00,0,67
style.css,154,css,60aca1bc,Sophie-WZR,2025-02-08,22:51:11,-08:00,2025-02-08T22:51:11-08:00,0,51
style.css,155,css,60aca1bc,Sophie-WZR,2025-02-08,22:51:11,-08:00,2025-02-08T22:51:11-08:00,0,55
style.css,156,css,60aca1bc,Sophie-WZR,2025-02-08,22:51:11,-08:00,2025-02-08T22:51:11-08:00,0,28
style.css,157,css,60aca1bc,Sophie-WZR,2025-02-08,22:51:11,-08:00,2025-02-08T22:51:11-08:00,0,0
style.css,158,css,60aca1bc,Sophie-WZR,2025-02-08,22:51:11,-08:00,2025-02-08T22:51:11-08:00,0,0
style.css,159,css,60aca1bc,Sophie-WZR,2025-02-08,22:51:11,-08:00,2025-02-08T22:51:11-08:00,0,32
style.css,160,css,60aca1bc,Sophie-WZR,2025-02-08,22:51:11,-08:00,2025-02-08T22:51:11-08:00,0,15
style.css,161,css,60aca1bc,Sophie-WZR,2025-02-08,22:51:11,-08:00,2025-02-08T22:51:11-08:00,0,54
style.css,162,css,60aca1bc,Sophie-WZR,2025-02-08,22:51:11,-08:00,2025-02-08T22:51:11-08:00,0,40
style.css,163,css,60aca1bc,Sophie-WZR,2025-02-08,22:51:11,-08:00,2025-02-08T22:51:11-08:00,0,13
style.css,164,css,94503d1c,Sophie-WZR,2025-02-08,22:00:01,-08:00,2025-02-08T22:00:01-08:00,0,0
style.css,165,css,94503d1c,Sophie-WZR,2025-02-08,22:00:01,-08:00,2025-02-08T22:00:01-08:00,0,0
style.css,166,css,60aca1bc,Sophie-WZR,2025-02-08,22:51:11,-08:00,2025-02-08T22:51:11-08:00,0,43
style.css,167,css,49e61af8,Sophie-WZR,2025-02-08,16:27:11,-08:00,2025-02-08T16:27:11-08:00,0,8
style.css,168,css,60aca1bc,Sophie-WZR,2025-02-08,22:51:11,-08:00,2025-02-08T22:51:11-08:00,0,53
style.css,169,css,49e61af8,Sophie-WZR,2025-02-08,16:27:11,-08:00,2025-02-08T16:27:11-08:00,0,13
style.css,170,css,60aca1bc,Sophie-WZR,2025-02-08,22:51:11,-08:00,2025-02-08T22:51:11-08:00,0,82
style.css,171,css,60aca1bc,Sophie-WZR,2025-02-08,22:51:11,-08:00,2025-02-08T22:51:11-08:00,0,8
style.css,172,css,60aca1bc,Sophie-WZR,2025-02-08,22:51:11,-08:00,2025-02-08T22:51:11-08:00,0,15
style.css,173,css,60aca1bc,Sophie-WZR,2025-02-08,22:51:11,-08:00,2025-02-08T22:51:11-08:00,0,22
style.css,174,css,60aca1bc,Sophie-WZR,2025-02-08,22:51:11,-08:00,2025-02-08T22:51:11-08:00,0,18
style.css,175,css,60aca1bc,Sophie-WZR,2025-02-08,22:51:11,-08:00,2025-02-08T22:51:11-08:00,0,22
style.css,176,css,49e61af8,Sophie-WZR,2025-02-08,16:27:11,-08:00,2025-02-08T16:27:11-08:00,0,0
style.css,177,css,49e61af8,Sophie-WZR,2025-02-08,16:27:11,-08:00,2025-02-08T16:27:11-08:00,0,0
style.css,178,css,60aca1bc,Sophie-WZR,2025-02-08,22:51:11,-08:00,2025-02-08T22:51:11-08:00,0,17
style.css,179,css,94503d1c,Sophie-WZR,2025-02-08,22:00:01,-08:00,2025-02-08T22:00:01-08:00,0,13
style.css,180,css,49e61af8,Sophie-WZR,2025-02-08,16:27:11,-08:00,2025-02-08T16:27:11-08:00,0,13
style.css,181,css,60aca1bc,Sophie-WZR,2025-02-08,22:51:11,-08:00,2025-02-08T22:51:11-08:00,0,19
style.css,182,css,60aca1bc,Sophie-WZR,2025-02-08,22:51:11,-08:00,2025-02-08T22:51:11-08:00,0,11
style.css,183,css,60aca1bc,Sophie-WZR,2025-02-08,22:51:11,-08:00,2025-02-08T22:51:11-08:00,0,15
style.css,184,css,49e61af8,Sophie-WZR,2025-02-08,16:27:11,-08:00,2025-02-08T16:27:11-08:00,0,0
style.css,185,css,49e61af8,Sophie-WZR,2025-02-08,16:27:11,-08:00,2025-02-08T16:27:11-08:00,0,0
style.css,186,css,60aca1bc,Sophie-WZR,2025-02-08,22:51:11,-08:00,2025-02-08T22:51:11-08:00,0,19
style.css,187,css,94503d1c,Sophie-WZR,2025-02-08,22:00:01,-08:00,2025-02-08T22:00:01-08:00,0,8
style.css,188,css,60aca1bc,Sophie-WZR,2025-02-08,22:51:11,-08:00,2025-02-08T22:51:11-08:00,0,21
style.css,189,css,60aca1bc,Sophie-WZR,2025-02-08,22:51:11,-08:00,2025-02-08T22:51:11-08:00,0,31
style.css,190,css,60aca1bc,Sophie-WZR,2025-02-08,22:51:11,-08:00,2025-02-08T22:51:11-08:00,0,12
style.css,191,css,60aca1bc,Sophie-WZR,2025-02-08,22:51:11,-08:00,2025-02-08T22:51:11-08:00,0,19
style.css,192,css,60aca1bc,Sophie-WZR,2025-02-08,22:51:11,-08:00,2025-02-08T22:51:11-08:00,0,30
style.css,193,css,60aca1bc,Sophie-WZR,2025-02-08,22:51:11,-08:00,2025-02-08T22:51:11-08:00,0,18
style.css,194,css,e8822536,Sophie-WZR,2025-02-08,15:09:33,-08:00,2025-02-08T15:09:33-08:00,0,0
style.css,195,css,94503d1c,Sophie-WZR,2025-02-08,22:00:01,-08:00,2025-02-08T22:00:01-08:00,0,0
style.css,196,css,94503d1c,Sophie-WZR,2025-02-08,22:00:01,-08:00,2025-02-08T22:00:01-08:00,0,11
style.css,197,css,94503d1c,Sophie-WZR,2025-02-08,22:00:01,-08:00,2025-02-08T22:00:01-08:00,0,53
style.css,198,css,94503d1c,Sophie-WZR,2025-02-08,22:00:01,-08:00,2025-02-08T22:00:01-08:00,0,48
style.css,199,css,94503d1c,Sophie-WZR,2025-02-08,22:00:01,-08:00,2025-02-08T22:00:01-08:00,0,57
style.css,200,css,94503d1c,Sophie-WZR,2025-02-08,22:00:01,-08:00,2025-02-08T22:00:01-08:00,0,41
style.css,201,css,94503d1c,Sophie-WZR,2025-02-08,22:00:01,-08:00,2025-02-08T22:00:01-08:00,0,47
style.css,202,css,94503d1c,Sophie-WZR,2025-02-08,22:00:01,-08:00,2025-02-08T22:00:01-08:00,0,72
style.css,203,css,94503d1c,Sophie-WZR,2025-02-08,22:00:01,-08:00,2025-02-08T22:00:01-08:00,0,0
style.css,204,css,94503d1c,Sophie-WZR,2025-02-08,22:00:01,-08:00,2025-02-08T22:00:01-08:00,0,0
style.css,205,css,94503d1c,Sophie-WZR,2025-02-08,22:00:01,-08:00,2025-02-08T22:00:01-08:00,0,18
style.css,206,css,94503d1c,Sophie-WZR,2025-02-08,22:00:01,-08:00,2025-02-08T22:00:01-08:00,0,17
style.css,207,css,94503d1c,Sophie-WZR,2025-02-08,22:00:01,-08:00,2025-02-08T22:00:01-08:00,0,12
style.css,208,css,94503d1c,Sophie-WZR,2025-02-08,22:00:01,-08:00,2025-02-08T22:00:01-08:00,0,0
style.css,209,css,94503d1c,Sophie-WZR,2025-02-08,22:00:01,-08:00,2025-02-08T22:00:01-08:00,0,0
style.css,210,css,94503d1c,Sophie-WZR,2025-02-08,22:00:01,-08:00,2025-02-08T22:00:01-08:00,0,0
style.css,211,css,94503d1c,Sophie-WZR,2025-02-08,22:00:01,-08:00,2025-02-08T22:00:01-08:00,0,5
style.css,212,css,94503d1c,Sophie-WZR,2025-02-08,22:00:01,-08:00,2025-02-08T22:00:01-08:00,0,17
style.css,213,css,94503d1c,Sophie-WZR,2025-02-08,22:00:01,-08:00,2025-02-08T22:00:01-08:00,0,15
style.css,214,css,94503d1c,Sophie-WZR,2025-02-08,22:00:01,-08:00,2025-02-08T22:00:01-08:00,0,0
style.css,215,css,94503d1c,Sophie-WZR,2025-02-08,22:00:01,-08:00,2025-02-08T22:00:01-08:00,0,0
style.css,216,css,94503d1c,Sophie-WZR,2025-02-08,22:00:01,-08:00,2025-02-08T22:00:01-08:00,0,10
style.css,217,css,94503d1c,Sophie-WZR,2025-02-08,22:00:01,-08:00,2025-02-08T22:00:01-08:00,0,56
style.css,218,css,94503d1c,Sophie-WZR,2025-02-08,22:00:01,-08:00,2025-02-08T22:00:01-08:00,0,0
style.css,219,css,94503d1c,Sophie-WZR,2025-02-08,22:00:01,-08:00,2025-02-08T22:00:01-08:00,0,11
style.css,220,css,94503d1c,Sophie-WZR,2025-02-08,22:00:01,-08:00,2025-02-08T22:00:01-08:00,0,18
style.css,221,css,94503d1c,Sophie-WZR,2025-02-08,22:00:01,-08:00,2025-02-08T22:00:01-08:00,0,0
style.css,222,css,94503d1c,Sophie-WZR,2025-02-08,22:00:01,-08:00,2025-02-08T22:00:01-08:00,0,0
style.css,223,css,94503d1c,Sophie-WZR,2025-02-08,22:00:01,-08:00,2025-02-08T22:00:01-08:00,0,0
style.css,224,css,94503d1c,Sophie-WZR,2025-02-08,22:00:01,-08:00,2025-02-08T22:00:01-08:00,0,51
style.css,225,css,94503d1c,Sophie-WZR,2025-02-08,22:00:01,-08:00,2025-02-08T22:00:01-08:00,0,25
style.css,226,css,94503d1c,Sophie-WZR,2025-02-08,22:00:01,-08:00,2025-02-08T22:00:01-08:00,0,56
style.css,227,css,94503d1c,Sophie-WZR,2025-02-08,22:00:01,-08:00,2025-02-08T22:00:01-08:00,0,56
style.css,228,css,94503d1c,Sophie-WZR,2025-02-08,22:00:01,-08:00,2025-02-08T22:00:01-08:00,0,0
index.js,1,js,2ae068d5,Sophie-WZR,2025-01-31,22:06:11,-08:00,2025-01-31T22:06:11-08:00,0,71
index.js,2,js,333d92a6,Sophie-WZR,2025-01-31,17:06:59,-08:00,2025-01-31T17:06:59-08:00,0,0
index.js,3,js,2ae068d5,Sophie-WZR,2025-01-31,22:06:11,-08:00,2025-01-31T22:06:11-08:00,0,55
index.js,4,js,2ae068d5,Sophie-WZR,2025-01-31,22:06:11,-08:00,2025-01-31T22:06:11-08:00,0,43
index.js,5,js,2ae068d5,Sophie-WZR,2025-01-31,22:06:11,-08:00,2025-01-31T22:06:11-08:00,0,27
index.js,6,js,2ae068d5,Sophie-WZR,2025-01-31,22:06:11,-08:00,2025-01-31T22:06:11-08:00,0,61
index.js,7,js,333d92a6,Sophie-WZR,2025-01-31,17:06:59,-08:00,2025-01-31T17:06:59-08:00,0,0
index.js,8,js,2ae068d5,Sophie-WZR,2025-01-31,22:06:11,-08:00,2025-01-31T22:06:11-08:00,0,55
index.js,9,js,333d92a6,Sophie-WZR,2025-01-31,17:06:59,-08:00,2025-01-31T17:06:59-08:00,0,0
index.js,10,js,3daceb80,Sophie-WZR,2025-01-31,22:22:13,-08:00,2025-01-31T22:22:13-08:00,0,54
index.js,11,js,a1532990,Sophie-WZR,2025-01-31,17:19:28,-08:00,2025-01-31T17:19:28-08:00,0,0
index.js,12,js,2ae068d5,Sophie-WZR,2025-01-31,22:06:11,-08:00,2025-01-31T22:06:11-08:00,0,61
index.js,13,js,a1532990,Sophie-WZR,2025-01-31,17:19:28,-08:00,2025-01-31T17:19:28-08:00,0,0
index.js,14,js,2ae068d5,Sophie-WZR,2025-01-31,22:06:11,-08:00,2025-01-31T22:06:11-08:00,0,18
index.js,15,js,2ae068d5,Sophie-WZR,2025-01-31,22:06:11,-08:00,2025-01-31T22:06:11-08:00,0,25
index.js,16,js,2ae068d5,Sophie-WZR,2025-01-31,22:06:11,-08:00,2025-01-31T22:06:11-08:00,0,3
index.js,17,js,2ae068d5,Sophie-WZR,2025-01-31,22:06:11,-08:00,2025-01-31T22:06:11-08:00,0,56
index.js,18,js,2ae068d5,Sophie-WZR,2025-01-31,22:06:11,-08:00,2025-01-31T22:06:11-08:00,0,56
index.js,19,js,2ae068d5,Sophie-WZR,2025-01-31,22:06:11,-08:00,2025-01-31T22:06:11-08:00,0,50
index.js,20,js,2ae068d5,Sophie-WZR,2025-01-31,22:06:11,-08:00,2025-01-31T22:06:11-08:00,0,50
index.js,21,js,2ae068d5,Sophie-WZR,2025-01-31,22:06:11,-08:00,2025-01-31T22:06:11-08:00,0,4
index.js,22,js,2ae068d5,Sophie-WZR,2025-01-31,22:06:11,-08:00,2025-01-31T22:06:11-08:00,0,1
index.js,23,js,2ae068d5,Sophie-WZR,2025-01-31,22:06:11,-08:00,2025-01-31T22:06:11-08:00,0,0
index.html,1,html,aba9d79e,Sophie-WZR,2025-01-09,17:16:23,-08:00,2025-01-09T17:16:23-08:00,0,14
index.html,2,html,333d92a6,Sophie-WZR,2025-01-31,17:06:59,-08:00,2025-01-31T17:06:59-08:00,0,28
index.html,3,html,aba9d79e,Sophie-WZR,2025-01-09,17:16:23,-08:00,2025-01-09T17:16:23-08:00,0,5
index.html,4,html,aba9d79e,Sophie-WZR,2025-01-09,17:16:23,-08:00,2025-01-09T17:16:23-08:00,0,21
index.html,5,html,aba9d79e,Sophie-WZR,2025-01-09,17:16:23,-08:00,2025-01-09T17:16:23-08:00,0,69
index.html,6,html,aba9d79e,Sophie-WZR,2025-01-09,17:16:23,-08:00,2025-01-09T17:16:23-08:00,0,64
index.html,7,html,99f558a5,Sophie-WZR,2025-01-09,22:41:22,-08:00,2025-01-09T22:41:22-08:00,0,39
index.html,8,html,aba9d79e,Sophie-WZR,2025-01-09,17:16:23,-08:00,2025-01-09T17:16:23-08:00,0,6
index.html,9,html,aba9d79e,Sophie-WZR,2025-01-09,17:16:23,-08:00,2025-01-09T17:16:23-08:00,0,5
index.html,10,html,2cadc2e2,Sophie-WZR,2025-01-10,00:51:47,-08:00,2025-01-10T00:51:47-08:00,0,7
index.html,11,html,2cadc2e2,Sophie-WZR,2025-01-10,00:51:47,-08:00,2025-01-10T00:51:47-08:00,0,20
index.html,12,html,2cadc2e2,Sophie-WZR,2025-01-10,00:51:47,-08:00,2025-01-10T00:51:47-08:00,0,8
index.html,13,html,261e66d1,Sophie-WZR,2025-01-10,01:06:57,-08:00,2025-01-10T01:06:57-08:00,0,5
index.html,14,html,261e66d1,Sophie-WZR,2025-01-10,01:06:57,-08:00,2025-01-10T01:06:57-08:00,0,333
index.html,15,html,261e66d1,Sophie-WZR,2025-01-10,01:06:57,-08:00,2025-01-10T01:06:57-08:00,0,244
index.html,16,html,261e66d1,Sophie-WZR,2025-01-10,01:06:57,-08:00,2025-01-10T01:06:57-08:00,0,242
index.html,17,html,37c6fe44,Sophie-WZR,2025-01-10,14:24:28,-08:00,2025-01-10T14:24:28-08:00,0,99
index.html,18,html,83c271fb,Sophie-WZR,2025-01-31,17:46:46,-08:00,2025-01-31T17:46:46-08:00,0,23
index.html,19,html,83c271fb,Sophie-WZR,2025-01-31,17:46:46,-08:00,2025-01-31T17:46:46-08:00,0,23
index.html,20,html,83c271fb,Sophie-WZR,2025-01-31,17:46:46,-08:00,2025-01-31T17:46:46-08:00,0,54
index.html,21,html,83c271fb,Sophie-WZR,2025-01-31,17:46:46,-08:00,2025-01-31T17:46:46-08:00,0,5
index.html,22,html,83c271fb,Sophie-WZR,2025-01-31,17:46:46,-08:00,2025-01-31T17:46:46-08:00,0,23
index.html,23,html,83c271fb,Sophie-WZR,2025-01-31,17:46:46,-08:00,2025-01-31T17:46:46-08:00,0,21
index.html,24,html,83c271fb,Sophie-WZR,2025-01-31,17:46:46,-08:00,2025-01-31T17:46:46-08:00,0,54
index.html,25,html,83c271fb,Sophie-WZR,2025-01-31,17:46:46,-08:00,2025-01-31T17:46:46-08:00,0,5
index.html,26,html,83c271fb,Sophie-WZR,2025-01-31,17:46:46,-08:00,2025-01-31T17:46:46-08:00,0,46
index.html,27,html,83c271fb,Sophie-WZR,2025-01-31,17:46:46,-08:00,2025-01-31T17:46:46-08:00,0,51
index.html,28,html,83c271fb,Sophie-WZR,2025-01-31,17:46:46,-08:00,2025-01-31T17:46:46-08:00,0,105
index.html,29,html,83c271fb,Sophie-WZR,2025-01-31,17:46:46,-08:00,2025-01-31T17:46:46-08:00,0,6
index.html,30,html,83c271fb,Sophie-WZR,2025-01-31,17:46:46,-08:00,2025-01-31T17:46:46-08:00,0,6
global.js,1,js,e249a7e3,Sophie-WZR,2025-01-23,16:13:58,-08:00,2025-01-23T16:13:58-08:00,0,26
global.js,2,js,e249a7e3,Sophie-WZR,2025-01-23,16:13:58,-08:00,2025-01-23T16:13:58-08:00,0,0
global.js,3,js,e249a7e3,Sophie-WZR,2025-01-23,16:13:58,-08:00,2025-01-23T16:13:58-08:00,0,42
global.js,4,js,e249a7e3,Sophie-WZR,2025-01-23,16:13:58,-08:00,2025-01-23T16:13:58-08:00,0,53
global.js,5,js,e249a7e3,Sophie-WZR,2025-01-23,16:13:58,-08:00,2025-01-23T16:13:58-08:00,0,0
global.js,6,js,f72fb5f9,Sophie-WZR,2025-01-23,16:55:12,-08:00,2025-01-23T16:55:12-08:00,0,0
global.js,7,js,f72fb5f9,Sophie-WZR,2025-01-23,16:55:12,-08:00,2025-01-23T16:55:12-08:00,0,28
global.js,8,js,f72fb5f9,Sophie-WZR,2025-01-23,16:55:12,-08:00,2025-01-23T16:55:12-08:00,0,0
global.js,9,js,f72fb5f9,Sophie-WZR,2025-01-23,16:55:12,-08:00,2025-01-23T16:55:12-08:00,0,0
global.js,10,js,f72fb5f9,Sophie-WZR,2025-01-23,16:55:12,-08:00,2025-01-23T16:55:12-08:00,0,8
global.js,11,js,f72fb5f9,Sophie-WZR,2025-01-23,16:55:12,-08:00,2025-01-23T16:55:12-08:00,0,0
global.js,12,js,f72fb5f9,Sophie-WZR,2025-01-23,16:55:12,-08:00,2025-01-23T16:55:12-08:00,0,12
global.js,13,js,f72fb5f9,Sophie-WZR,2025-01-23,16:55:12,-08:00,2025-01-23T16:55:12-08:00,0,26
global.js,14,js,f72fb5f9,Sophie-WZR,2025-01-23,16:55:12,-08:00,2025-01-23T16:55:12-08:00,0,39
global.js,15,js,f72fb5f9,Sophie-WZR,2025-01-23,16:55:12,-08:00,2025-01-23T16:55:12-08:00,0,37
global.js,16,js,f72fb5f9,Sophie-WZR,2025-01-23,16:55:12,-08:00,2025-01-23T16:55:12-08:00,0,35
global.js,17,js,e990a2b8,Sophie-WZR,2025-02-14,14:47:06,-08:00,2025-02-14T14:47:06-08:00,0,31
global.js,18,js,ef2f9d8f,Sophie-WZR,2025-01-23,17:26:01,-08:00,2025-01-23T17:26:01-08:00,0,56
global.js,19,js,f72fb5f9,Sophie-WZR,2025-01-23,16:55:12,-08:00,2025-01-23T16:55:12-08:00,0,1
global.js,20,js,f72fb5f9,Sophie-WZR,2025-01-23,16:55:12,-08:00,2025-01-23T16:55:12-08:00,0,0
global.js,21,js,f72fb5f9,Sophie-WZR,2025-01-23,16:55:12,-08:00,2025-01-23T16:55:12-08:00,0,26
global.js,22,js,f72fb5f9,Sophie-WZR,2025-01-23,16:55:12,-08:00,2025-01-23T16:55:12-08:00,0,39
global.js,23,js,f72fb5f9,Sophie-WZR,2025-01-23,16:55:12,-08:00,2025-01-23T16:55:12-08:00,0,26
global.js,24,js,ef2f9d8f,Sophie-WZR,2025-01-23,17:26:01,-08:00,2025-01-23T17:26:01-08:00,0,0
global.js,25,js,ef2f9d8f,Sophie-WZR,2025-01-23,17:26:01,-08:00,2025-01-23T17:26:01-08:00,0,71
global.js,26,js,f72fb5f9,Sophie-WZR,2025-01-23,16:55:12,-08:00,2025-01-23T16:55:12-08:00,0,0
global.js,27,js,f72fb5f9,Sophie-WZR,2025-01-23,16:55:12,-08:00,2025-01-23T16:55:12-08:00,0,41
global.js,28,js,f72fb5f9,Sophie-WZR,2025-01-23,16:55:12,-08:00,2025-01-23T16:55:12-08:00,0,21
global.js,29,js,f72fb5f9,Sophie-WZR,2025-01-23,16:55:12,-08:00,2025-01-23T16:55:12-08:00,0,15
global.js,30,js,f72fb5f9,Sophie-WZR,2025-01-23,16:55:12,-08:00,2025-01-23T16:55:12-08:00,0,19
global.js,31,js,ef2f9d8f,Sophie-WZR,2025-01-23,17:26:01,-08:00,2025-01-23T17:26:01-08:00,0,36
global.js,32,js,ef2f9d8f,Sophie-WZR,2025-01-23,17:26:01,-08:00,2025-01-23T17:26:01-08:00,0,0
global.js,33,js,ef2f9d8f,Sophie-WZR,2025-01-23,17:26:01,-08:00,2025-01-23T17:26:01-08:00,0,0
global.js,34,js,ef2f9d8f,Sophie-WZR,2025-01-23,17:26:01,-08:00,2025-01-23T17:26:01-08:00,0,28
global.js,35,js,f72fb5f9,Sophie-WZR,2025-01-23,16:55:12,-08:00,2025-01-23T16:55:12-08:00,0,42
global.js,36,js,ef2f9d8f,Sophie-WZR,2025-01-23,17:26:01,-08:00,2025-01-23T17:26:01-08:00,0,13
global.js,37,js,ef2f9d8f,Sophie-WZR,2025-01-23,17:26:01,-08:00,2025-01-23T17:26:01-08:00,0,8
global.js,38,js,ef2f9d8f,Sophie-WZR,2025-01-23,17:26:01,-08:00,2025-01-23T17:26:01-08:00,0,52
global.js,39,js,ef2f9d8f,Sophie-WZR,2025-01-23,17:26:01,-08:00,2025-01-23T17:26:01-08:00,0,15
global.js,40,js,ef2f9d8f,Sophie-WZR,2025-01-23,17:26:01,-08:00,2025-01-23T17:26:01-08:00,0,17
global.js,41,js,ef2f9d8f,Sophie-WZR,2025-01-23,17:26:01,-08:00,2025-01-23T17:26:01-08:00,0,7
global.js,42,js,ef2f9d8f,Sophie-WZR,2025-01-23,17:26:01,-08:00,2025-01-23T17:26:01-08:00,0,13
global.js,43,js,ef2f9d8f,Sophie-WZR,2025-01-23,17:26:01,-08:00,2025-01-23T17:26:01-08:00,0,52
global.js,44,js,ef2f9d8f,Sophie-WZR,2025-01-23,17:26:01,-08:00,2025-01-23T17:26:01-08:00,0,0
global.js,45,js,ef2f9d8f,Sophie-WZR,2025-01-23,17:26:01,-08:00,2025-01-23T17:26:01-08:00,0,0
global.js,46,js,ef2f9d8f,Sophie-WZR,2025-01-23,17:26:01,-08:00,2025-01-23T17:26:01-08:00,0,11
global.js,47,js,ef2f9d8f,Sophie-WZR,2025-01-23,17:26:01,-08:00,2025-01-23T17:26:01-08:00,0,0
global.js,48,js,ef2f9d8f,Sophie-WZR,2025-01-23,17:26:01,-08:00,2025-01-23T17:26:01-08:00,0,35
global.js,49,js,ef2f9d8f,Sophie-WZR,2025-01-23,17:26:01,-08:00,2025-01-23T17:26:01-08:00,0,12
global.js,50,js,ef2f9d8f,Sophie-WZR,2025-01-23,17:26:01,-08:00,2025-01-23T17:26:01-08:00,0,21
global.js,51,js,ef2f9d8f,Sophie-WZR,2025-01-23,17:26:01,-08:00,2025-01-23T17:26:01-08:00,0,0
global.js,52,js,ef2f9d8f,Sophie-WZR,2025-01-23,17:26:01,-08:00,2025-01-23T17:26:01-08:00,0,66
global.js,53,js,ef2f9d8f,Sophie-WZR,2025-01-23,17:26:01,-08:00,2025-01-23T17:26:01-08:00,0,26
global.js,54,js,f72fb5f9,Sophie-WZR,2025-01-23,16:55:12,-08:00,2025-01-23T16:55:12-08:00,0,0
global.js,55,js,ef2f9d8f,Sophie-WZR,2025-01-23,17:26:01,-08:00,2025-01-23T17:26:01-08:00,0,0
global.js,56,js,ef2f9d8f,Sophie-WZR,2025-01-23,17:26:01,-08:00,2025-01-23T17:26:01-08:00,0,29
global.js,57,js,ef2f9d8f,Sophie-WZR,2025-01-23,17:26:01,-08:00,2025-01-23T17:26:01-08:00,0,19
global.js,58,js,ef2f9d8f,Sophie-WZR,2025-01-23,17:26:01,-08:00,2025-01-23T17:26:01-08:00,0,0
global.js,59,js,ef2f9d8f,Sophie-WZR,2025-01-23,17:26:01,-08:00,2025-01-23T17:26:01-08:00,0,0
global.js,60,js,ef2f9d8f,Sophie-WZR,2025-01-23,17:26:01,-08:00,2025-01-23T17:26:01-08:00,0,13
global.js,61,js,f72fb5f9,Sophie-WZR,2025-01-23,16:55:12,-08:00,2025-01-23T16:55:12-08:00,0,0
global.js,62,js,f176286c,Sophie-WZR,2025-01-23,18:00:37,-08:00,2025-01-23T18:00:37-08:00,0,8
global.js,63,js,f176286c,Sophie-WZR,2025-01-23,18:00:37,-08:00,2025-01-23T18:00:37-08:00,0,32
global.js,64,js,f176286c,Sophie-WZR,2025-01-23,18:00:37,-08:00,2025-01-23T18:00:37-08:00,0,12
global.js,65,js,f176286c,Sophie-WZR,2025-01-23,18:00:37,-08:00,2025-01-23T18:00:37-08:00,0,0
global.js,66,js,f176286c,Sophie-WZR,2025-01-23,18:00:37,-08:00,2025-01-23T18:00:37-08:00,0,27
global.js,67,js,f176286c,Sophie-WZR,2025-01-23,18:00:37,-08:00,2025-01-23T18:00:37-08:00,0,5
global.js,68,js,d0fdea56,Sophie-WZR,2025-01-23,18:49:11,-08:00,2025-01-23T18:49:11-08:00,0,32
global.js,69,js,d0fdea56,Sophie-WZR,2025-01-23,18:49:11,-08:00,2025-01-23T18:49:11-08:00,0,44
global.js,70,js,d0fdea56,Sophie-WZR,2025-01-23,18:49:11,-08:00,2025-01-23T18:49:11-08:00,0,35
global.js,71,js,d0fdea56,Sophie-WZR,2025-01-23,18:49:11,-08:00,2025-01-23T18:49:11-08:00,0,33
global.js,72,js,f176286c,Sophie-WZR,2025-01-23,18:00:37,-08:00,2025-01-23T18:00:37-08:00,0,8
global.js,73,js,f176286c,Sophie-WZR,2025-01-23,18:00:37,-08:00,2025-01-23T18:00:37-08:00,0,8
global.js,74,js,f176286c,Sophie-WZR,2025-01-23,18:00:37,-08:00,2025-01-23T18:00:37-08:00,0,1
global.js,75,js,ef2f9d8f,Sophie-WZR,2025-01-23,17:26:01,-08:00,2025-01-23T17:26:01-08:00,0,0
global.js,76,js,d0fdea56,Sophie-WZR,2025-01-23,18:49:11,-08:00,2025-01-23T18:49:11-08:00,0,61
global.js,77,js,d0fdea56,Sophie-WZR,2025-01-23,18:49:11,-08:00,2025-01-23T18:49:11-08:00,0,0
global.js,78,js,d0fdea56,Sophie-WZR,2025-01-23,18:49:11,-08:00,2025-01-23T18:49:11-08:00,0,0
global.js,79,js,d0fdea56,Sophie-WZR,2025-01-23,18:49:11,-08:00,2025-01-23T18:49:11-08:00,0,30
global.js,80,js,d0fdea56,Sophie-WZR,2025-01-23,18:49:11,-08:00,2025-01-23T18:49:11-08:00,0,35
global.js,81,js,d0fdea56,Sophie-WZR,2025-01-23,18:49:11,-08:00,2025-01-23T18:49:11-08:00,0,44
global.js,82,js,d0fdea56,Sophie-WZR,2025-01-23,18:49:11,-08:00,2025-01-23T18:49:11-08:00,0,97
global.js,83,js,d0fdea56,Sophie-WZR,2025-01-23,18:49:11,-08:00,2025-01-23T18:49:11-08:00,0,81
global.js,84,js,d0fdea56,Sophie-WZR,2025-01-23,18:49:11,-08:00,2025-01-23T18:49:11-08:00,0,0
global.js,85,js,d0fdea56,Sophie-WZR,2025-01-23,18:49:11,-08:00,2025-01-23T18:49:11-08:00,0,0
global.js,86,js,d0fdea56,Sophie-WZR,2025-01-23,18:49:11,-08:00,2025-01-23T18:49:11-08:00,0,50
global.js,87,js,d0fdea56,Sophie-WZR,2025-01-23,18:49:11,-08:00,2025-01-23T18:49:11-08:00,0,41
global.js,88,js,d0fdea56,Sophie-WZR,2025-01-23,18:49:11,-08:00,2025-01-23T18:49:11-08:00,0,0
global.js,89,js,d0fdea56,Sophie-WZR,2025-01-23,18:49:11,-08:00,2025-01-23T18:49:11-08:00,0,54
global.js,90,js,d0fdea56,Sophie-WZR,2025-01-23,18:49:11,-08:00,2025-01-23T18:49:11-08:00,0,0
global.js,91,js,d0fdea56,Sophie-WZR,2025-01-23,18:49:11,-08:00,2025-01-23T18:49:11-08:00,0,44
global.js,92,js,d0fdea56,Sophie-WZR,2025-01-23,18:49:11,-08:00,2025-01-23T18:49:11-08:00,0,41
global.js,93,js,d0fdea56,Sophie-WZR,2025-01-23,18:49:11,-08:00,2025-01-23T18:49:11-08:00,0,0
global.js,94,js,d0fdea56,Sophie-WZR,2025-01-23,18:49:11,-08:00,2025-01-23T18:49:11-08:00,0,58
global.js,95,js,d0fdea56,Sophie-WZR,2025-01-23,18:49:11,-08:00,2025-01-23T18:49:11-08:00,0,0
global.js,96,js,d0fdea56,Sophie-WZR,2025-01-23,18:49:11,-08:00,2025-01-23T18:49:11-08:00,0,74
global.js,97,js,d0fdea56,Sophie-WZR,2025-01-23,18:49:11,-08:00,2025-01-23T18:49:11-08:00,0,2
global.js,98,js,d0fdea56,Sophie-WZR,2025-01-23,18:49:11,-08:00,2025-01-23T18:49:11-08:00,0,0
global.js,99,js,12c9811e,Sophie-WZR,2025-01-23,17:42:37,-08:00,2025-01-23T17:42:37-08:00,0,8
global.js,100,js,12c9811e,Sophie-WZR,2025-01-23,17:42:37,-08:00,2025-01-23T17:42:37-08:00,0,28
global.js,101,js,12c9811e,Sophie-WZR,2025-01-23,17:42:37,-08:00,2025-01-23T17:42:37-08:00,0,52
global.js,102,js,12c9811e,Sophie-WZR,2025-01-23,17:42:37,-08:00,2025-01-23T17:42:37-08:00,0,0
global.js,103,js,12c9811e,Sophie-WZR,2025-01-23,17:42:37,-08:00,2025-01-23T17:42:37-08:00,0,42
global.js,104,js,12c9811e,Sophie-WZR,2025-01-23,17:42:37,-08:00,2025-01-23T17:42:37-08:00,0,44
global.js,105,js,12c9811e,Sophie-WZR,2025-01-23,17:42:37,-08:00,2025-01-23T17:42:37-08:00,0,46
global.js,106,js,12c9811e,Sophie-WZR,2025-01-23,17:42:37,-08:00,2025-01-23T17:42:37-08:00,0,22
global.js,107,js,12c9811e,Sophie-WZR,2025-01-23,17:42:37,-08:00,2025-01-23T17:42:37-08:00,0,0
global.js,108,js,12c9811e,Sophie-WZR,2025-01-23,17:42:37,-08:00,2025-01-23T17:42:37-08:00,0,40
global.js,109,js,12c9811e,Sophie-WZR,2025-01-23,17:42:37,-08:00,2025-01-23T17:42:37-08:00,0,31
global.js,110,js,12c9811e,Sophie-WZR,2025-01-23,17:42:37,-08:00,2025-01-23T17:42:37-08:00,0,0
global.js,111,js,12c9811e,Sophie-WZR,2025-01-23,17:42:37,-08:00,2025-01-23T17:42:37-08:00,0,31
global.js,112,js,12c9811e,Sophie-WZR,2025-01-23,17:42:37,-08:00,2025-01-23T17:42:37-08:00,0,27
global.js,113,js,12c9811e,Sophie-WZR,2025-01-23,17:42:37,-08:00,2025-01-23T17:42:37-08:00,0,0
global.js,114,js,12c9811e,Sophie-WZR,2025-01-23,17:42:37,-08:00,2025-01-23T17:42:37-08:00,0,42
global.js,115,js,12c9811e,Sophie-WZR,2025-01-23,17:42:37,-08:00,2025-01-23T17:42:37-08:00,0,32
global.js,116,js,12c9811e,Sophie-WZR,2025-01-23,17:42:37,-08:00,2025-01-23T17:42:37-08:00,0,44
global.js,117,js,12c9811e,Sophie-WZR,2025-01-23,17:42:37,-08:00,2025-01-23T17:42:37-08:00,0,66
global.js,118,js,12c9811e,Sophie-WZR,2025-01-23,17:42:37,-08:00,2025-01-23T17:42:37-08:00,0,0
global.js,119,js,12c9811e,Sophie-WZR,2025-01-23,17:42:37,-08:00,2025-01-23T17:42:37-08:00,0,0
global.js,120,js,12c9811e,Sophie-WZR,2025-01-23,17:42:37,-08:00,2025-01-23T17:42:37-08:00,0,38
global.js,121,js,12c9811e,Sophie-WZR,2025-01-23,17:42:37,-08:00,2025-01-23T17:42:37-08:00,0,22
global.js,122,js,12c9811e,Sophie-WZR,2025-01-23,17:42:37,-08:00,2025-01-23T17:42:37-08:00,0,0
global.js,123,js,12c9811e,Sophie-WZR,2025-01-23,17:42:37,-08:00,2025-01-23T17:42:37-08:00,0,41
global.js,124,js,12c9811e,Sophie-WZR,2025-01-23,17:42:37,-08:00,2025-01-23T17:42:37-08:00,0,19
global.js,125,js,f176286c,Sophie-WZR,2025-01-23,18:00:37,-08:00,2025-01-23T18:00:37-08:00,0,2
global.js,126,js,f176286c,Sophie-WZR,2025-01-23,18:00:37,-08:00,2025-01-23T18:00:37-08:00,0,0
global.js,127,js,5e5d8cb0,Sophie-WZR,2025-01-23,18:13:17,-08:00,2025-01-23T18:13:17-08:00,0,0
global.js,128,js,5e5d8cb0,Sophie-WZR,2025-01-23,18:13:17,-08:00,2025-01-23T18:13:17-08:00,0,50
global.js,129,js,5e5d8cb0,Sophie-WZR,2025-01-23,18:13:17,-08:00,2025-01-23T18:13:17-08:00,0,58
global.js,130,js,5e5d8cb0,Sophie-WZR,2025-01-23,18:13:17,-08:00,2025-01-23T18:13:17-08:00,0,78
global.js,131,js,333d92a6,Sophie-WZR,2025-01-31,17:06:59,-08:00,2025-01-31T17:06:59-08:00,0,2
global.js,132,js,333d92a6,Sophie-WZR,2025-01-31,17:06:59,-08:00,2025-01-31T17:06:59-08:00,0,0
global.js,133,js,333d92a6,Sophie-WZR,2025-01-31,17:06:59,-08:00,2025-01-31T17:06:59-08:00,0,0
global.js,134,js,82bc1d65,Sophie-WZR,2025-01-31,22:09:57,-08:00,2025-01-31T22:09:57-08:00,0,37
global.js,135,js,82bc1d65,Sophie-WZR,2025-01-31,22:09:57,-08:00,2025-01-31T22:09:57-08:00,0,4
global.js,136,js,82bc1d65,Sophie-WZR,2025-01-31,22:09:57,-08:00,2025-01-31T22:09:57-08:00,0,40
global.js,137,js,82bc1d65,Sophie-WZR,2025-01-31,22:09:57,-08:00,2025-01-31T22:09:57-08:00,0,33
global.js,138,js,82bc1d65,Sophie-WZR,2025-01-31,22:09:57,-08:00,2025-01-31T22:09:57-08:00,0,0
global.js,139,js,82bc1d65,Sophie-WZR,2025-01-31,22:09:57,-08:00,2025-01-31T22:09:57-08:00,0,18
global.js,140,js,333d92a6,Sophie-WZR,2025-01-31,17:06:59,-08:00,2025-01-31T17:06:59-08:00,0,67
global.js,141,js,333d92a6,Sophie-WZR,2025-01-31,17:06:59,-08:00,2025-01-31T17:06:59-08:00,0,0
global.js,142,js,82bc1d65,Sophie-WZR,2025-01-31,22:09:57,-08:00,2025-01-31T22:09:57-08:00,0,20
global.js,143,js,82bc1d65,Sophie-WZR,2025-01-31,22:09:57,-08:00,2025-01-31T22:09:57-08:00,0,0
global.js,144,js,82bc1d65,Sophie-WZR,2025-01-31,22:09:57,-08:00,2025-01-31T22:09:57-08:00,0,34
global.js,145,js,82bc1d65,Sophie-WZR,2025-01-31,22:09:57,-08:00,2025-01-31T22:09:57-08:00,0,11
global.js,146,js,333d92a6,Sophie-WZR,2025-01-31,17:06:59,-08:00,2025-01-31T17:06:59-08:00,0,0
global.js,147,js,82bc1d65,Sophie-WZR,2025-01-31,22:09:57,-08:00,2025-01-31T22:09:57-08:00,0,16
global.js,148,js,82bc1d65,Sophie-WZR,2025-01-31,22:09:57,-08:00,2025-01-31T22:09:57-08:00,0,60
global.js,149,js,82bc1d65,Sophie-WZR,2025-01-31,22:09:57,-08:00,2025-01-31T22:09:57-08:00,0,0
global.js,150,js,333d92a6,Sophie-WZR,2025-01-31,17:06:59,-08:00,2025-01-31T17:06:59-08:00,0,0
global.js,151,js,333d92a6,Sophie-WZR,2025-01-31,17:06:59,-08:00,2025-01-31T17:06:59-08:00,0,0
global.js,152,js,82bc1d65,Sophie-WZR,2025-01-31,22:09:57,-08:00,2025-01-31T22:09:57-08:00,0,79
global.js,153,js,82bc1d65,Sophie-WZR,2025-01-31,22:09:57,-08:00,2025-01-31T22:09:57-08:00,0,24
global.js,154,js,82bc1d65,Sophie-WZR,2025-01-31,22:09:57,-08:00,2025-01-31T22:09:57-08:00,0,48
global.js,155,js,82bc1d65,Sophie-WZR,2025-01-31,22:09:57,-08:00,2025-01-31T22:09:57-08:00,0,52
global.js,156,js,82bc1d65,Sophie-WZR,2025-01-31,22:09:57,-08:00,2025-01-31T22:09:57-08:00,0,6
global.js,157,js,82bc1d65,Sophie-WZR,2025-01-31,22:09:57,-08:00,2025-01-31T22:09:57-08:00,0,45
global.js,158,js,82bc1d65,Sophie-WZR,2025-01-31,22:09:57,-08:00,2025-01-31T22:09:57-08:00,0,0
global.js,159,js,82bc1d65,Sophie-WZR,2025-01-31,22:09:57,-08:00,2025-01-31T22:09:57-08:00,0,49
global.js,160,js,82bc1d65,Sophie-WZR,2025-01-31,22:09:57,-08:00,2025-01-31T22:09:57-08:00,0,36
global.js,161,js,82bc1d65,Sophie-WZR,2025-01-31,22:09:57,-08:00,2025-01-31T22:09:57-08:00,0,74
global.js,162,js,82bc1d65,Sophie-WZR,2025-01-31,22:09:57,-08:00,2025-01-31T22:09:57-08:00,0,56
global.js,163,js,82bc1d65,Sophie-WZR,2025-01-31,22:09:57,-08:00,2025-01-31T22:09:57-08:00,0,0
global.js,164,js,4679acc1,Sophie-WZR,2025-02-08,22:47:38,-08:00,2025-02-08T22:47:38-08:00,0,0
global.js,165,js,ac46f487,Sophie-WZR,2025-02-08,14:36:30,-08:00,2025-02-08T14:36:30-08:00,0,0
global.js,166,js,82bc1d65,Sophie-WZR,2025-01-31,22:09:57,-08:00,2025-01-31T22:09:57-08:00,0,46
global.js,167,js,4679acc1,Sophie-WZR,2025-02-08,22:47:38,-08:00,2025-02-08T22:47:38-08:00,0,30
global.js,168,js,82bc1d65,Sophie-WZR,2025-01-31,22:09:57,-08:00,2025-01-31T22:09:57-08:00,0,21
global.js,169,js,82bc1d65,Sophie-WZR,2025-01-31,22:09:57,-08:00,2025-01-31T22:09:57-08:00,0,43
global.js,170,js,82bc1d65,Sophie-WZR,2025-01-31,22:09:57,-08:00,2025-01-31T22:09:57-08:00,0,80
global.js,171,js,ac46f487,Sophie-WZR,2025-02-08,14:36:30,-08:00,2025-02-08T14:36:30-08:00,0,32
global.js,172,js,9ec6e2d4,Sophie-WZR,2025-02-08,21:55:58,-08:00,2025-02-08T21:55:58-08:00,0,13
global.js,173,js,9ec6e2d4,Sophie-WZR,2025-02-08,21:55:58,-08:00,2025-02-08T21:55:58-08:00,0,13
global.js,174,js,82bc1d65,Sophie-WZR,2025-01-31,22:09:57,-08:00,2025-01-31T22:09:57-08:00,0,64
global.js,175,js,82bc1d65,Sophie-WZR,2025-01-31,22:09:57,-08:00,2025-01-31T22:09:57-08:00,0,0
global.js,176,js,82bc1d65,Sophie-WZR,2025-01-31,22:09:57,-08:00,2025-01-31T22:09:57-08:00,0,49
global.js,177,js,82bc1d65,Sophie-WZR,2025-01-31,22:09:57,-08:00,2025-01-31T22:09:57-08:00,0,20
global.js,178,js,82bc1d65,Sophie-WZR,2025-01-31,22:09:57,-08:00,2025-01-31T22:09:57-08:00,0,42
global.js,179,js,82bc1d65,Sophie-WZR,2025-01-31,22:09:57,-08:00,2025-01-31T22:09:57-08:00,0,75
global.js,180,js,ac46f487,Sophie-WZR,2025-02-08,14:36:30,-08:00,2025-02-08T14:36:30-08:00,0,4
global.js,181,js,9ec6e2d4,Sophie-WZR,2025-02-08,21:55:58,-08:00,2025-02-08T21:55:58-08:00,0,20
global.js,182,js,9ec6e2d4,Sophie-WZR,2025-02-08,21:55:58,-08:00,2025-02-08T21:55:58-08:00,0,5
global.js,183,js,9ec6e2d4,Sophie-WZR,2025-02-08,21:55:58,-08:00,2025-02-08T21:55:58-08:00,0,16
global.js,184,js,ac46f487,Sophie-WZR,2025-02-08,14:36:30,-08:00,2025-02-08T14:36:30-08:00,0,5
global.js,185,js,82bc1d65,Sophie-WZR,2025-01-31,22:09:57,-08:00,2025-01-31T22:09:57-08:00,0,1
global.js,186,js,9ec6e2d4,Sophie-WZR,2025-02-08,21:55:58,-08:00,2025-02-08T21:55:58-08:00,0,0
global.js,187,js,82bc1d65,Sophie-WZR,2025-01-31,22:09:57,-08:00,2025-01-31T22:09:57-08:00,0,37
global.js,188,js,333d92a6,Sophie-WZR,2025-01-31,17:06:59,-08:00,2025-01-31T17:06:59-08:00,0,2
global.js,189,js,0938a12a,Sophie-WZR,2025-01-31,17:17:52,-08:00,2025-01-31T17:17:52-08:00,0,0
global.js,190,js,0938a12a,Sophie-WZR,2025-01-31,17:17:52,-08:00,2025-01-31T17:17:52-08:00,0,0
global.js,191,js,82bc1d65,Sophie-WZR,2025-01-31,22:09:57,-08:00,2025-01-31T22:09:57-08:00,0,53
global.js,192,js,82bc1d65,Sophie-WZR,2025-01-31,22:09:57,-08:00,2025-01-31T22:09:57-08:00,0,31
global.js,193,js,82bc1d65,Sophie-WZR,2025-01-31,22:09:57,-08:00,2025-01-31T22:09:57-08:00,0,28
global.js,194,js,82bc1d65,Sophie-WZR,2025-01-31,22:09:57,-08:00,2025-01-31T22:09:57-08:00,0,35
global.js,195,js,82bc1d65,Sophie-WZR,2025-01-31,22:09:57,-08:00,2025-01-31T22:09:57-08:00,0,53
global.js,196,js,82bc1d65,Sophie-WZR,2025-01-31,22:09:57,-08:00,2025-01-31T22:09:57-08:00,0,7
global.js,197,js,82bc1d65,Sophie-WZR,2025-01-31,22:09:57,-08:00,2025-01-31T22:09:57-08:00,0,38
global.js,198,js,82bc1d65,Sophie-WZR,2025-01-31,22:09:57,-08:00,2025-01-31T22:09:57-08:00,0,0
global.js,199,js,82bc1d65,Sophie-WZR,2025-01-31,22:09:57,-08:00,2025-01-31T22:09:57-08:00,0,0
global.js,200,js,0938a12a,Sophie-WZR,2025-01-31,17:17:52,-08:00,2025-01-31T17:17:52-08:00,0,0
global.js,201,js,0938a12a,Sophie-WZR,2025-01-31,17:17:52,-08:00,2025-01-31T17:17:52-08:00,0,48
global.js,202,js,82bc1d65,Sophie-WZR,2025-01-31,22:09:57,-08:00,2025-01-31T22:09:57-08:00,0,60
global.js,203,js,0938a12a,Sophie-WZR,2025-01-31,17:17:52,-08:00,2025-01-31T17:17:52-08:00,0,0
global.js,204,js,82bc1d65,Sophie-WZR,2025-01-31,22:09:57,-08:00,2025-01-31T22:09:57-08:00,0,0
global.js,205,js,4679acc1,Sophie-WZR,2025-02-08,22:47:38,-08:00,2025-02-08T22:47:38-08:00,0,61
resume/index.html,1,html,261e66d1,Sophie-WZR,2025-01-10,01:06:57,-08:00,2025-01-10T01:06:57-08:00,0,14
resume/index.html,2,html,261e66d1,Sophie-WZR,2025-01-10,01:06:57,-08:00,2025-01-10T01:06:57-08:00,0,15
resume/index.html,3,html,261e66d1,Sophie-WZR,2025-01-10,01:06:57,-08:00,2025-01-10T01:06:57-08:00,0,5
resume/index.html,4,html,261e66d1,Sophie-WZR,2025-01-10,01:06:57,-08:00,2025-01-10T01:06:57-08:00,0,21
resume/index.html,5,html,261e66d1,Sophie-WZR,2025-01-10,01:06:57,-08:00,2025-01-10T01:06:57-08:00,0,69
resume/index.html,6,html,261e66d1,Sophie-WZR,2025-01-10,01:06:57,-08:00,2025-01-10T01:06:57-08:00,0,35
resume/index.html,7,html,2be00096,Sophie-WZR,2025-01-10,01:26:09,-08:00,2025-01-10T01:26:09-08:00,0,42
resume/index.html,8,html,261e66d1,Sophie-WZR,2025-01-10,01:06:57,-08:00,2025-01-10T01:06:57-08:00,0,6
resume/index.html,9,html,261e66d1,Sophie-WZR,2025-01-10,01:06:57,-08:00,2025-01-10T01:06:57-08:00,0,5
resume/index.html,10,html,261e66d1,Sophie-WZR,2025-01-10,01:06:57,-08:00,2025-01-10T01:06:57-08:00,0,7
resume/index.html,11,html,0ca77236,Sophie-WZR,2025-01-10,01:12:53,-08:00,2025-01-10T01:12:53-08:00,0,29
resume/index.html,12,html,261e66d1,Sophie-WZR,2025-01-10,01:06:57,-08:00,2025-01-10T01:06:57-08:00,0,8
resume/index.html,13,html,261e66d1,Sophie-WZR,2025-01-10,01:06:57,-08:00,2025-01-10T01:06:57-08:00,0,8
resume/index.html,14,html,261e66d1,Sophie-WZR,2025-01-10,01:06:57,-08:00,2025-01-10T01:06:57-08:00,0,7
resume/index.html,15,html,261e66d1,Sophie-WZR,2025-01-10,01:06:57,-08:00,2025-01-10T01:06:57-08:00,0,17
resume/index.html,16,html,261e66d1,Sophie-WZR,2025-01-10,01:06:57,-08:00,2025-01-10T01:06:57-08:00,0,8
resume/index.html,17,html,261e66d1,Sophie-WZR,2025-01-10,01:06:57,-08:00,2025-01-10T01:06:57-08:00,0,104
resume/index.html,18,html,261e66d1,Sophie-WZR,2025-01-10,01:06:57,-08:00,2025-01-10T01:06:57-08:00,0,72
resume/index.html,19,html,261e66d1,Sophie-WZR,2025-01-10,01:06:57,-08:00,2025-01-10T01:06:57-08:00,0,9
resume/index.html,20,html,261e66d1,Sophie-WZR,2025-01-10,01:06:57,-08:00,2025-01-10T01:06:57-08:00,0,8
resume/index.html,21,html,261e66d1,Sophie-WZR,2025-01-10,01:06:57,-08:00,2025-01-10T01:06:57-08:00,0,7
resume/index.html,22,html,261e66d1,Sophie-WZR,2025-01-10,01:06:57,-08:00,2025-01-10T01:06:57-08:00,0,14
resume/index.html,23,html,261e66d1,Sophie-WZR,2025-01-10,01:06:57,-08:00,2025-01-10T01:06:57-08:00,0,8
resume/index.html,24,html,261e66d1,Sophie-WZR,2025-01-10,01:06:57,-08:00,2025-01-10T01:06:57-08:00,0,3
resume/index.html,25,html,261e66d1,Sophie-WZR,2025-01-10,01:06:57,-08:00,2025-01-10T01:06:57-08:00,0,59
resume/index.html,26,html,261e66d1,Sophie-WZR,2025-01-10,01:06:57,-08:00,2025-01-10T01:06:57-08:00,0,46
resume/index.html,27,html,261e66d1,Sophie-WZR,2025-01-10,01:06:57,-08:00,2025-01-10T01:06:57-08:00,0,4
resume/index.html,28,html,261e66d1,Sophie-WZR,2025-01-10,01:06:57,-08:00,2025-01-10T01:06:57-08:00,0,9
resume/index.html,29,html,261e66d1,Sophie-WZR,2025-01-10,01:06:57,-08:00,2025-01-10T01:06:57-08:00,0,8
resume/index.html,30,html,261e66d1,Sophie-WZR,2025-01-10,01:06:57,-08:00,2025-01-10T01:06:57-08:00,0,7
resume/index.html,31,html,261e66d1,Sophie-WZR,2025-01-10,01:06:57,-08:00,2025-01-10T01:06:57-08:00,0,31
resume/index.html,32,html,261e66d1,Sophie-WZR,2025-01-10,01:06:57,-08:00,2025-01-10T01:06:57-08:00,0,8
resume/index.html,33,html,261e66d1,Sophie-WZR,2025-01-10,01:06:57,-08:00,2025-01-10T01:06:57-08:00,0,8
resume/index.html,34,html,261e66d1,Sophie-WZR,2025-01-10,01:06:57,-08:00,2025-01-10T01:06:57-08:00,0,7
resume/index.html,35,html,261e66d1,Sophie-WZR,2025-01-10,01:06:57,-08:00,2025-01-10T01:06:57-08:00,0,48
resume/index.html,36,html,261e66d1,Sophie-WZR,2025-01-10,01:06:57,-08:00,2025-01-10T01:06:57-08:00,0,30
resume/index.html,37,html,261e66d1,Sophie-WZR,2025-01-10,01:06:57,-08:00,2025-01-10T01:06:57-08:00,0,8
resume/index.html,38,html,261e66d1,Sophie-WZR,2025-01-10,01:06:57,-08:00,2025-01-10T01:06:57-08:00,0,107
resume/index.html,39,html,261e66d1,Sophie-WZR,2025-01-10,01:06:57,-08:00,2025-01-10T01:06:57-08:00,0,9
resume/index.html,40,html,261e66d1,Sophie-WZR,2025-01-10,01:06:57,-08:00,2025-01-10T01:06:57-08:00,0,9
resume/index.html,41,html,261e66d1,Sophie-WZR,2025-01-10,01:06:57,-08:00,2025-01-10T01:06:57-08:00,0,7
resume/index.html,42,html,261e66d1,Sophie-WZR,2025-01-10,01:06:57,-08:00,2025-01-10T01:06:57-08:00,0,72
resume/index.html,43,html,261e66d1,Sophie-WZR,2025-01-10,01:06:57,-08:00,2025-01-10T01:06:57-08:00,0,8
resume/index.html,44,html,e249a7e3,Sophie-WZR,2025-01-23,16:13:58,-08:00,2025-01-23T16:13:58-08:00,0,53
resume/index.html,45,html,261e66d1,Sophie-WZR,2025-01-10,01:06:57,-08:00,2025-01-10T01:06:57-08:00,0,6
resume/index.html,46,html,261e66d1,Sophie-WZR,2025-01-10,01:06:57,-08:00,2025-01-10T01:06:57-08:00,0,6
projects/projects.js,1,js,43ee9bde,Sophie-WZR,2025-02-08,22:32:24,-08:00,2025-02-08T22:32:24-08:00,0,71
projects/projects.js,2,js,43ee9bde,Sophie-WZR,2025-02-08,22:32:24,-08:00,2025-02-08T22:32:24-08:00,0,64
projects/projects.js,3,js,4f1747f8,Sophie-WZR,2025-02-08,16:44:04,-08:00,2025-02-08T16:44:04-08:00,0,0
projects/projects.js,4,js,43ee9bde,Sophie-WZR,2025-02-08,22:32:24,-08:00,2025-02-08T22:32:24-08:00,0,56
projects/projects.js,5,js,4f1747f8,Sophie-WZR,2025-02-08,16:44:04,-08:00,2025-02-08T16:44:04-08:00,0,0
projects/projects.js,6,js,43ee9bde,Sophie-WZR,2025-02-08,22:32:24,-08:00,2025-02-08T22:32:24-08:00,0,61
projects/projects.js,7,js,43ee9bde,Sophie-WZR,2025-02-08,22:32:24,-08:00,2025-02-08T22:32:24-08:00,0,49
projects/projects.js,8,js,4f1747f8,Sophie-WZR,2025-02-08,16:44:04,-08:00,2025-02-08T16:44:04-08:00,0,0
projects/projects.js,9,js,43ee9bde,Sophie-WZR,2025-02-08,22:32:24,-08:00,2025-02-08T22:32:24-08:00,0,42
projects/projects.js,10,js,43ee9bde,Sophie-WZR,2025-02-08,22:32:24,-08:00,2025-02-08T22:32:24-08:00,0,29
projects/projects.js,11,js,4f1747f8,Sophie-WZR,2025-02-08,16:44:04,-08:00,2025-02-08T16:44:04-08:00,0,0
projects/projects.js,12,js,43ee9bde,Sophie-WZR,2025-02-08,22:32:24,-08:00,2025-02-08T22:32:24-08:00,0,58
projects/projects.js,13,js,4f1747f8,Sophie-WZR,2025-02-08,16:44:04,-08:00,2025-02-08T16:44:04-08:00,0,0
projects/projects.js,14,js,43ee9bde,Sophie-WZR,2025-02-08,22:32:24,-08:00,2025-02-08T22:32:24-08:00,0,30
projects/projects.js,15,js,43ee9bde,Sophie-WZR,2025-02-08,22:32:24,-08:00,2025-02-08T22:32:24-08:00,0,54
projects/projects.js,16,js,4f1747f8,Sophie-WZR,2025-02-08,16:44:04,-08:00,2025-02-08T16:44:04-08:00,0,0
projects/projects.js,17,js,8ebfe299,Sophie-WZR,2025-02-08,21:39:57,-08:00,2025-02-08T21:39:57-08:00,0,22
projects/projects.js,18,js,66602771,Sophie-WZR,2025-02-08,15:48:46,-08:00,2025-02-08T15:48:46-08:00,0,0
projects/projects.js,19,js,43ee9bde,Sophie-WZR,2025-02-08,22:32:24,-08:00,2025-02-08T22:32:24-08:00,0,39
projects/projects.js,20,js,43ee9bde,Sophie-WZR,2025-02-08,22:32:24,-08:00,2025-02-08T22:32:24-08:00,0,59
projects/projects.js,21,js,43ee9bde,Sophie-WZR,2025-02-08,22:32:24,-08:00,2025-02-08T22:32:24-08:00,0,25
projects/projects.js,22,js,43ee9bde,Sophie-WZR,2025-02-08,22:32:24,-08:00,2025-02-08T22:32:24-08:00,0,55
projects/projects.js,23,js,43ee9bde,Sophie-WZR,2025-02-08,22:32:24,-08:00,2025-02-08T22:32:24-08:00,0,72
projects/projects.js,24,js,43ee9bde,Sophie-WZR,2025-02-08,22:32:24,-08:00,2025-02-08T22:32:24-08:00,0,0
projects/projects.js,25,js,43ee9bde,Sophie-WZR,2025-02-08,22:32:24,-08:00,2025-02-08T22:32:24-08:00,0,26
projects/projects.js,26,js,43ee9bde,Sophie-WZR,2025-02-08,22:32:24,-08:00,2025-02-08T22:32:24-08:00,0,30
projects/projects.js,27,js,43ee9bde,Sophie-WZR,2025-02-08,22:32:24,-08:00,2025-02-08T22:32:24-08:00,0,13
projects/projects.js,28,js,43ee9bde,Sophie-WZR,2025-02-08,22:32:24,-08:00,2025-02-08T22:32:24-08:00,0,15
projects/projects.js,29,js,43ee9bde,Sophie-WZR,2025-02-08,22:32:24,-08:00,2025-02-08T22:32:24-08:00,0,13
projects/projects.js,30,js,43ee9bde,Sophie-WZR,2025-02-08,22:32:24,-08:00,2025-02-08T22:32:24-08:00,0,1
projects/projects.js,31,js,43ee9bde,Sophie-WZR,2025-02-08,22:32:24,-08:00,2025-02-08T22:32:24-08:00,0,19
projects/projects.js,32,js,43ee9bde,Sophie-WZR,2025-02-08,22:32:24,-08:00,2025-02-08T22:32:24-08:00,0,51
projects/projects.js,33,js,43ee9bde,Sophie-WZR,2025-02-08,22:32:24,-08:00,2025-02-08T22:32:24-08:00,0,36
projects/projects.js,34,js,43ee9bde,Sophie-WZR,2025-02-08,22:32:24,-08:00,2025-02-08T22:32:24-08:00,0,2
projects/projects.js,35,js,43ee9bde,Sophie-WZR,2025-02-08,22:32:24,-08:00,2025-02-08T22:32:24-08:00,0,51
projects/projects.js,36,js,43ee9bde,Sophie-WZR,2025-02-08,22:32:24,-08:00,2025-02-08T22:32:24-08:00,0,54
projects/projects.js,37,js,43ee9bde,Sophie-WZR,2025-02-08,22:32:24,-08:00,2025-02-08T22:32:24-08:00,0,43
projects/projects.js,38,js,43ee9bde,Sophie-WZR,2025-02-08,22:32:24,-08:00,2025-02-08T22:32:24-08:00,0,52
projects/projects.js,39,js,43ee9bde,Sophie-WZR,2025-02-08,22:32:24,-08:00,2025-02-08T22:32:24-08:00,0,0
projects/projects.js,40,js,43ee9bde,Sophie-WZR,2025-02-08,22:32:24,-08:00,2025-02-08T22:32:24-08:00,0,48
projects/projects.js,41,js,43ee9bde,Sophie-WZR,2025-02-08,22:32:24,-08:00,2025-02-08T22:32:24-08:00,0,28
projects/projects.js,42,js,43ee9bde,Sophie-WZR,2025-02-08,22:32:24,-08:00,2025-02-08T22:32:24-08:00,0,33
projects/projects.js,43,js,43ee9bde,Sophie-WZR,2025-02-08,22:32:24,-08:00,2025-02-08T22:32:24-08:00,0,0
projects/projects.js,44,js,43ee9bde,Sophie-WZR,2025-02-08,22:32:24,-08:00,2025-02-08T22:32:24-08:00,0,30
projects/projects.js,45,js,43ee9bde,Sophie-WZR,2025-02-08,22:32:24,-08:00,2025-02-08T22:32:24-08:00,0,2
projects/projects.js,46,js,43ee9bde,Sophie-WZR,2025-02-08,22:32:24,-08:00,2025-02-08T22:32:24-08:00,0,14
projects/projects.js,47,js,43ee9bde,Sophie-WZR,2025-02-08,22:32:24,-08:00,2025-02-08T22:32:24-08:00,0,14
projects/projects.js,48,js,43ee9bde,Sophie-WZR,2025-02-08,22:32:24,-08:00,2025-02-08T22:32:24-08:00,0,25
projects/projects.js,49,js,43ee9bde,Sophie-WZR,2025-02-08,22:32:24,-08:00,2025-02-08T22:32:24-08:00,0,19
projects/projects.js,50,js,43ee9bde,Sophie-WZR,2025-02-08,22:32:24,-08:00,2025-02-08T22:32:24-08:00,0,68
projects/projects.js,51,js,43ee9bde,Sophie-WZR,2025-02-08,22:32:24,-08:00,2025-02-08T22:32:24-08:00,0,0
projects/projects.js,52,js,43ee9bde,Sophie-WZR,2025-02-08,22:32:24,-08:00,2025-02-08T22:32:24-08:00,0,30
projects/projects.js,53,js,43ee9bde,Sophie-WZR,2025-02-08,22:32:24,-08:00,2025-02-08T22:32:24-08:00,0,20
projects/projects.js,54,js,43ee9bde,Sophie-WZR,2025-02-08,22:32:24,-08:00,2025-02-08T22:32:24-08:00,0,69
projects/projects.js,55,js,43ee9bde,Sophie-WZR,2025-02-08,22:32:24,-08:00,2025-02-08T22:32:24-08:00,0,0
projects/projects.js,56,js,43ee9bde,Sophie-WZR,2025-02-08,22:32:24,-08:00,2025-02-08T22:32:24-08:00,0,42
projects/projects.js,57,js,43ee9bde,Sophie-WZR,2025-02-08,22:32:24,-08:00,2025-02-08T22:32:24-08:00,0,19
projects/projects.js,58,js,43ee9bde,Sophie-WZR,2025-02-08,22:32:24,-08:00,2025-02-08T22:32:24-08:00,0,15
projects/projects.js,59,js,43ee9bde,Sophie-WZR,2025-02-08,22:32:24,-08:00,2025-02-08T22:32:24-08:00,0,99
projects/projects.js,60,js,43ee9bde,Sophie-WZR,2025-02-08,22:32:24,-08:00,2025-02-08T22:32:24-08:00,0,0
projects/projects.js,61,js,43ee9bde,Sophie-WZR,2025-02-08,22:32:24,-08:00,2025-02-08T22:32:24-08:00,0,16
projects/projects.js,62,js,43ee9bde,Sophie-WZR,2025-02-08,22:32:24,-08:00,2025-02-08T22:32:24-08:00,0,32
projects/projects.js,63,js,66602771,Sophie-WZR,2025-02-08,15:48:46,-08:00,2025-02-08T15:48:46-08:00,0,2
projects/projects.js,64,js,43ee9bde,Sophie-WZR,2025-02-08,22:32:24,-08:00,2025-02-08T22:32:24-08:00,0,1
projects/projects.js,65,js,8ebfe299,Sophie-WZR,2025-02-08,21:39:57,-08:00,2025-02-08T21:39:57-08:00,0,0
projects/projects.js,66,js,8ebfe299,Sophie-WZR,2025-02-08,21:39:57,-08:00,2025-02-08T21:39:57-08:00,0,0
projects/projects.js,67,js,43ee9bde,Sophie-WZR,2025-02-08,22:32:24,-08:00,2025-02-08T22:32:24-08:00,0,54
projects/projects.js,68,js,43ee9bde,Sophie-WZR,2025-02-08,22:32:24,-08:00,2025-02-08T22:32:24-08:00,0,28
projects/projects.js,69,js,43ee9bde,Sophie-WZR,2025-02-08,22:32:24,-08:00,2025-02-08T22:32:24-08:00,0,18
projects/projects.js,70,js,43ee9bde,Sophie-WZR,2025-02-08,22:32:24,-08:00,2025-02-08T22:32:24-08:00,0,94
projects/projects.js,71,js,43ee9bde,Sophie-WZR,2025-02-08,22:32:24,-08:00,2025-02-08T22:32:24-08:00,0,58
projects/projects.js,72,js,43ee9bde,Sophie-WZR,2025-02-08,22:32:24,-08:00,2025-02-08T22:32:24-08:00,0,100
projects/projects.js,73,js,43ee9bde,Sophie-WZR,2025-02-08,22:32:24,-08:00,2025-02-08T22:32:24-08:00,0,1
projects/projects.js,74,js,8ebfe299,Sophie-WZR,2025-02-08,21:39:57,-08:00,2025-02-08T21:39:57-08:00,0,0
projects/projects.js,75,js,8ebfe299,Sophie-WZR,2025-02-08,21:39:57,-08:00,2025-02-08T21:39:57-08:00,0,0
projects/projects.js,76,js,43ee9bde,Sophie-WZR,2025-02-08,22:32:24,-08:00,2025-02-08T22:32:24-08:00,0,24
projects/projects.js,77,js,8ebfe299,Sophie-WZR,2025-02-08,21:39:57,-08:00,2025-02-08T21:39:57-08:00,0,0
projects/projects.js,78,js,43ee9bde,Sophie-WZR,2025-02-08,22:32:24,-08:00,2025-02-08T22:32:24-08:00,0,14
projects/projects.js,79,js,43ee9bde,Sophie-WZR,2025-02-08,22:32:24,-08:00,2025-02-08T22:32:24-08:00,0,0
projects/projects.js,80,js,43ee9bde,Sophie-WZR,2025-02-08,22:32:24,-08:00,2025-02-08T22:32:24-08:00,0,0
projects/projects.js,81,js,43ee9bde,Sophie-WZR,2025-02-08,22:32:24,-08:00,2025-02-08T22:32:24-08:00,0,50
projects/projects.js,82,js,43ee9bde,Sophie-WZR,2025-02-08,22:32:24,-08:00,2025-02-08T22:32:24-08:00,0,19
projects/projects.js,83,js,43ee9bde,Sophie-WZR,2025-02-08,22:32:24,-08:00,2025-02-08T22:32:24-08:00,0,40
projects/projects.js,84,js,43ee9bde,Sophie-WZR,2025-02-08,22:32:24,-08:00,2025-02-08T22:32:24-08:00,0,20
projects/projects.js,85,js,43ee9bde,Sophie-WZR,2025-02-08,22:32:24,-08:00,2025-02-08T22:32:24-08:00,0,48
projects/projects.js,86,js,43ee9bde,Sophie-WZR,2025-02-08,22:32:24,-08:00,2025-02-08T22:32:24-08:00,0,60
projects/projects.js,87,js,43ee9bde,Sophie-WZR,2025-02-08,22:32:24,-08:00,2025-02-08T22:32:24-08:00,0,43
projects/projects.js,88,js,43ee9bde,Sophie-WZR,2025-02-08,22:32:24,-08:00,2025-02-08T22:32:24-08:00,0,2
projects/projects.js,89,js,43ee9bde,Sophie-WZR,2025-02-08,22:32:24,-08:00,2025-02-08T22:32:24-08:00,0,25
projects/projects.js,90,js,43ee9bde,Sophie-WZR,2025-02-08,22:32:24,-08:00,2025-02-08T22:32:24-08:00,0,0
projects/projects.js,91,js,43ee9bde,Sophie-WZR,2025-02-08,22:32:24,-08:00,2025-02-08T22:32:24-08:00,0,84
projects/projects.js,92,js,43ee9bde,Sophie-WZR,2025-02-08,22:32:24,-08:00,2025-02-08T22:32:24-08:00,0,32
projects/projects.js,93,js,43ee9bde,Sophie-WZR,2025-02-08,22:32:24,-08:00,2025-02-08T22:32:24-08:00,0,0
projects/projects.js,94,js,4f1747f8,Sophie-WZR,2025-02-08,16:44:04,-08:00,2025-02-08T16:44:04-08:00,0,2
projects/projects.js,95,js,43ee9bde,Sophie-WZR,2025-02-08,22:32:24,-08:00,2025-02-08T22:32:24-08:00,0,0
projects/projects.js,96,js,43ee9bde,Sophie-WZR,2025-02-08,22:32:24,-08:00,2025-02-08T22:32:24-08:00,0,42
projects/projects.js,97,js,43ee9bde,Sophie-WZR,2025-02-08,22:32:24,-08:00,2025-02-08T22:32:24-08:00,0,34
projects/projects.js,98,js,43ee9bde,Sophie-WZR,2025-02-08,22:32:24,-08:00,2025-02-08T22:32:24-08:00,0,0
projects/projects.js,99,js,43ee9bde,Sophie-WZR,2025-02-08,22:32:24,-08:00,2025-02-08T22:32:24-08:00,0,48
projects/projects.js,100,js,43ee9bde,Sophie-WZR,2025-02-08,22:32:24,-08:00,2025-02-08T22:32:24-08:00,0,60
projects/projects.js,101,js,43ee9bde,Sophie-WZR,2025-02-08,22:32:24,-08:00,2025-02-08T22:32:24-08:00,0,43
projects/projects.js,102,js,43ee9bde,Sophie-WZR,2025-02-08,22:32:24,-08:00,2025-02-08T22:32:24-08:00,0,2
projects/projects.js,103,js,43ee9bde,Sophie-WZR,2025-02-08,22:32:24,-08:00,2025-02-08T22:32:24-08:00,0,0
projects/projects.js,104,js,43ee9bde,Sophie-WZR,2025-02-08,22:32:24,-08:00,2025-02-08T22:32:24-08:00,0,26
projects/projects.js,105,js,43ee9bde,Sophie-WZR,2025-02-08,22:32:24,-08:00,2025-02-08T22:32:24-08:00,0,57
projects/projects.js,106,js,43ee9bde,Sophie-WZR,2025-02-08,22:32:24,-08:00,2025-02-08T22:32:24-08:00,0,7
projects/projects.js,107,js,43ee9bde,Sophie-WZR,2025-02-08,22:32:24,-08:00,2025-02-08T22:32:24-08:00,0,91
projects/projects.js,108,js,43ee9bde,Sophie-WZR,2025-02-08,22:32:24,-08:00,2025-02-08T22:32:24-08:00,0,0
projects/projects.js,109,js,43ee9bde,Sophie-WZR,2025-02-08,22:32:24,-08:00,2025-02-08T22:32:24-08:00,0,86
projects/projects.js,110,js,43ee9bde,Sophie-WZR,2025-02-08,22:32:24,-08:00,2025-02-08T22:32:24-08:00,0,0
projects/projects.js,111,js,43ee9bde,Sophie-WZR,2025-02-08,22:32:24,-08:00,2025-02-08T22:32:24-08:00,0,84
projects/projects.js,112,js,43ee9bde,Sophie-WZR,2025-02-08,22:32:24,-08:00,2025-02-08T22:32:24-08:00,0,0
projects/projects.js,113,js,4679acc1,Sophie-WZR,2025-02-08,22:47:38,-08:00,2025-02-08T22:47:38-08:00,0,0
projects/projects.js,114,js,4679acc1,Sophie-WZR,2025-02-08,22:47:38,-08:00,2025-02-08T22:47:38-08:00,0,0
projects/index.html,1,html,97e83cb3,Sophie-WZR,2025-01-09,22:51:12,-08:00,2025-01-09T22:51:12-08:00,0,14
projects/index.html,2,html,97e83cb3,Sophie-WZR,2025-01-09,22:51:12,-08:00,2025-01-09T22:51:12-08:00,0,15
projects/index.html,3,html,97e83cb3,Sophie-WZR,2025-01-09,22:51:12,-08:00,2025-01-09T22:51:12-08:00,0,5
projects/index.html,4,html,97e83cb3,Sophie-WZR,2025-01-09,22:51:12,-08:00,2025-01-09T22:51:12-08:00,0,21
projects/index.html,5,html,97e83cb3,Sophie-WZR,2025-01-09,22:51:12,-08:00,2025-01-09T22:51:12-08:00,0,69
projects/index.html,6,html,97e83cb3,Sophie-WZR,2025-01-09,22:51:12,-08:00,2025-01-09T22:51:12-08:00,0,37
projects/index.html,7,html,2be00096,Sophie-WZR,2025-01-10,01:26:09,-08:00,2025-01-10T01:26:09-08:00,0,42
projects/index.html,8,html,97e83cb3,Sophie-WZR,2025-01-09,22:51:12,-08:00,2025-01-09T22:51:12-08:00,0,6
projects/index.html,9,html,97e83cb3,Sophie-WZR,2025-01-09,22:51:12,-08:00,2025-01-09T22:51:12-08:00,0,5
projects/index.html,10,html,63e4f249,Sophie-WZR,2025-01-16,18:21:27,-08:00,2025-01-16T18:21:27-08:00,0,16
projects/index.html,11,html,09a33643,Sophie-WZR,2025-02-08,14:43:46,-08:00,2025-02-08T14:43:46-08:00,0,22
projects/index.html,12,html,09a33643,Sophie-WZR,2025-02-08,14:43:46,-08:00,2025-02-08T14:43:46-08:00,0,59
projects/index.html,13,html,09a33643,Sophie-WZR,2025-02-08,14:43:46,-08:00,2025-02-08T14:43:46-08:00,0,23
projects/index.html,14,html,4d827a44,Sophie-WZR,2025-01-16,18:18:44,-08:00,2025-01-16T18:18:44-08:00,0,5
projects/index.html,15,html,8ebfe299,Sophie-WZR,2025-02-08,21:39:57,-08:00,2025-02-08T21:39:57-08:00,0,0
projects/index.html,16,html,09aafde4,Sophie-WZR,2025-02-08,15:20:53,-08:00,2025-02-08T15:20:53-08:00,0,5
projects/index.html,17,html,09aafde4,Sophie-WZR,2025-02-08,15:20:53,-08:00,2025-02-08T15:20:53-08:00,0,16
projects/index.html,18,html,09aafde4,Sophie-WZR,2025-02-08,15:20:53,-08:00,2025-02-08T15:20:53-08:00,0,12
projects/index.html,19,html,09aafde4,Sophie-WZR,2025-02-08,15:20:53,-08:00,2025-02-08T15:20:53-08:00,0,27
projects/index.html,20,html,09aafde4,Sophie-WZR,2025-02-08,15:20:53,-08:00,2025-02-08T15:20:53-08:00,0,32
projects/index.html,21,html,09aafde4,Sophie-WZR,2025-02-08,15:20:53,-08:00,2025-02-08T15:20:53-08:00,0,1
projects/index.html,22,html,4679acc1,Sophie-WZR,2025-02-08,22:47:38,-08:00,2025-02-08T22:47:38-08:00,0,0
projects/index.html,23,html,4679acc1,Sophie-WZR,2025-02-08,22:47:38,-08:00,2025-02-08T22:47:38-08:00,0,27
projects/index.html,24,html,4679acc1,Sophie-WZR,2025-02-08,22:47:38,-08:00,2025-02-08T22:47:38-08:00,0,49
projects/index.html,25,html,a739a048,Sophie-WZR,2025-01-31,18:07:19,-08:00,2025-01-31T18:07:19-08:00,0,48
projects/index.html,26,html,97e83cb3,Sophie-WZR,2025-01-09,22:51:12,-08:00,2025-01-09T22:51:12-08:00,0,6
projects/index.html,27,html,a739a048,Sophie-WZR,2025-01-31,18:07:19,-08:00,2025-01-31T18:07:19-08:00,0,6
contact/index.html,1,html,12c9811e,Sophie-WZR,2025-01-23,17:42:37,-08:00,2025-01-23T17:42:37-08:00,0,19
contact/index.html,2,html,97e83cb3,Sophie-WZR,2025-01-09,22:51:12,-08:00,2025-01-09T22:51:12-08:00,0,15
contact/index.html,3,html,97e83cb3,Sophie-WZR,2025-01-09,22:51:12,-08:00,2025-01-09T22:51:12-08:00,0,5
contact/index.html,4,html,97e83cb3,Sophie-WZR,2025-01-09,22:51:12,-08:00,2025-01-09T22:51:12-08:00,0,21
contact/index.html,5,html,97e83cb3,Sophie-WZR,2025-01-09,22:51:12,-08:00,2025-01-09T22:51:12-08:00,0,69
contact/index.html,6,html,97e83cb3,Sophie-WZR,2025-01-09,22:51:12,-08:00,2025-01-09T22:51:12-08:00,0,36
contact/index.html,7,html,c9b4ab32,Sophie-WZR,2025-01-10,00:28:01,-08:00,2025-01-10T00:28:01-08:00,0,42
contact/index.html,8,html,97e83cb3,Sophie-WZR,2025-01-09,22:51:12,-08:00,2025-01-09T22:51:12-08:00,0,6
contact/index.html,9,html,97e83cb3,Sophie-WZR,2025-01-09,22:51:12,-08:00,2025-01-09T22:51:12-08:00,0,5
contact/index.html,10,html,c9b4ab32,Sophie-WZR,2025-01-10,00:28:01,-08:00,2025-01-10T00:28:01-08:00,0,18
contact/index.html,11,html,c9b4ab32,Sophie-WZR,2025-01-10,00:28:01,-08:00,2025-01-10T00:28:01-08:00,0,72
contact/index.html,12,html,0e222812,Sophie-WZR,2025-01-16,17:57:36,-08:00,2025-01-16T17:57:36-08:00,0,23
contact/index.html,13,html,0e222812,Sophie-WZR,2025-01-16,17:57:36,-08:00,2025-01-16T17:57:36-08:00,0,32
contact/index.html,14,html,0e222812,Sophie-WZR,2025-01-16,17:57:36,-08:00,2025-01-16T17:57:36-08:00,0,41
contact/index.html,15,html,0e222812,Sophie-WZR,2025-01-16,17:57:36,-08:00,2025-01-16T17:57:36-08:00,0,5
contact/index.html,16,html,23d4dd12,Sophie-WZR,2025-01-16,17:49:45,-08:00,2025-01-16T17:49:45-08:00,0,0
contact/index.html,17,html,0e222812,Sophie-WZR,2025-01-16,17:57:36,-08:00,2025-01-16T17:57:36-08:00,0,23
contact/index.html,18,html,0e222812,Sophie-WZR,2025-01-16,17:57:36,-08:00,2025-01-16T17:57:36-08:00,0,34
contact/index.html,19,html,0e222812,Sophie-WZR,2025-01-16,17:57:36,-08:00,2025-01-16T17:57:36-08:00,0,42
contact/index.html,20,html,0e222812,Sophie-WZR,2025-01-16,17:57:36,-08:00,2025-01-16T17:57:36-08:00,0,5
contact/index.html,21,html,23d4dd12,Sophie-WZR,2025-01-16,17:49:45,-08:00,2025-01-16T17:49:45-08:00,0,0
contact/index.html,22,html,0e222812,Sophie-WZR,2025-01-16,17:57:36,-08:00,2025-01-16T17:57:36-08:00,0,23
contact/index.html,23,html,0e222812,Sophie-WZR,2025-01-16,17:57:36,-08:00,2025-01-16T17:57:36-08:00,0,34
contact/index.html,24,html,0e222812,Sophie-WZR,2025-01-16,17:57:36,-08:00,2025-01-16T17:57:36-08:00,0,32
contact/index.html,25,html,0e222812,Sophie-WZR,2025-01-16,17:57:36,-08:00,2025-01-16T17:57:36-08:00,0,5
contact/index.html,26,html,23d4dd12,Sophie-WZR,2025-01-16,17:49:45,-08:00,2025-01-16T17:49:45-08:00,0,0
contact/index.html,27,html,0e222812,Sophie-WZR,2025-01-16,17:57:36,-08:00,2025-01-16T17:57:36-08:00,0,26
contact/index.html,28,html,0e222812,Sophie-WZR,2025-01-16,17:57:36,-08:00,2025-01-16T17:57:36-08:00,0,6
contact/index.html,29,html,e249a7e3,Sophie-WZR,2025-01-23,16:13:58,-08:00,2025-01-23T16:13:58-08:00,0,53
contact/index.html,30,html,23d4dd12,Sophie-WZR,2025-01-16,17:49:45,-08:00,2025-01-16T17:49:45-08:00,0,6
contact/index.html,31,html,12c9811e,Sophie-WZR,2025-01-23,17:42:37,-08:00,2025-01-23T17:42:37-08:00,0,10
contact/index.html,32,html,37c6fe44,Sophie-WZR,2025-01-10,14:24:28,-08:00,2025-01-10T14:24:28-08:00,0,0
contact/index.html,33,html,37c6fe44,Sophie-WZR,2025-01-10,14:24:28,-08:00,2025-01-10T14:24:28-08:00,0,0
contact/index.html,34,html,12c9811e,Sophie-WZR,2025-01-23,17:42:37,-08:00,2025-01-23T17:42:37-08:00,0,0
contact/index.html,35,html,12c9811e,Sophie-WZR,2025-01-23,17:42:37,-08:00,2025-01-23T17:42:37-08:00,0,14
contact/index.html,36,html,12c9811e,Sophie-WZR,2025-01-23,17:42:37,-08:00,2025-01-23T17:42:37-08:00,0,15
contact/index.html,37,html,12c9811e,Sophie-WZR,2025-01-23,17:42:37,-08:00,2025-01-23T17:42:37-08:00,0,5
contact/index.html,38,html,12c9811e,Sophie-WZR,2025-01-23,17:42:37,-08:00,2025-01-23T17:42:37-08:00,0,21
contact/index.html,39,html,12c9811e,Sophie-WZR,2025-01-23,17:42:37,-08:00,2025-01-23T17:42:37-08:00,0,69
contact/index.html,40,html,12c9811e,Sophie-WZR,2025-01-23,17:42:37,-08:00,2025-01-23T17:42:37-08:00,0,36
contact/index.html,41,html,12c9811e,Sophie-WZR,2025-01-23,17:42:37,-08:00,2025-01-23T17:42:37-08:00,0,42
contact/index.html,42,html,12c9811e,Sophie-WZR,2025-01-23,17:42:37,-08:00,2025-01-23T17:42:37-08:00,0,6
contact/index.html,43,html,12c9811e,Sophie-WZR,2025-01-23,17:42:37,-08:00,2025-01-23T17:42:37-08:00,0,5
contact/index.html,44,html,12c9811e,Sophie-WZR,2025-01-23,17:42:37,-08:00,2025-01-23T17:42:37-08:00,0,18
contact/index.html,45,html,12c9811e,Sophie-WZR,2025-01-23,17:42:37,-08:00,2025-01-23T17:42:37-08:00,0,68
contact/index.html,46,html,12c9811e,Sophie-WZR,2025-01-23,17:42:37,-08:00,2025-01-23T17:42:37-08:00,0,23
contact/index.html,47,html,12c9811e,Sophie-WZR,2025-01-23,17:42:37,-08:00,2025-01-23T17:42:37-08:00,0,36
contact/index.html,48,html,12c9811e,Sophie-WZR,2025-01-23,17:42:37,-08:00,2025-01-23T17:42:37-08:00,0,55
contact/index.html,49,html,12c9811e,Sophie-WZR,2025-01-23,17:42:37,-08:00,2025-01-23T17:42:37-08:00,0,5
contact/index.html,50,html,12c9811e,Sophie-WZR,2025-01-23,17:42:37,-08:00,2025-01-23T17:42:37-08:00,0,0
contact/index.html,51,html,12c9811e,Sophie-WZR,2025-01-23,17:42:37,-08:00,2025-01-23T17:42:37-08:00,0,23
contact/index.html,52,html,12c9811e,Sophie-WZR,2025-01-23,17:42:37,-08:00,2025-01-23T17:42:37-08:00,0,33
contact/index.html,53,html,12c9811e,Sophie-WZR,2025-01-23,17:42:37,-08:00,2025-01-23T17:42:37-08:00,0,51
contact/index.html,54,html,12c9811e,Sophie-WZR,2025-01-23,17:42:37,-08:00,2025-01-23T17:42:37-08:00,0,5
contact/index.html,55,html,12c9811e,Sophie-WZR,2025-01-23,17:42:37,-08:00,2025-01-23T17:42:37-08:00,0,0
contact/index.html,56,html,12c9811e,Sophie-WZR,2025-01-23,17:42:37,-08:00,2025-01-23T17:42:37-08:00,0,40
contact/index.html,57,html,12c9811e,Sophie-WZR,2025-01-23,17:42:37,-08:00,2025-01-23T17:42:37-08:00,0,6
contact/index.html,58,html,12c9811e,Sophie-WZR,2025-01-23,17:42:37,-08:00,2025-01-23T17:42:37-08:00,0,0
contact/index.html,59,html,12c9811e,Sophie-WZR,2025-01-23,17:42:37,-08:00,2025-01-23T17:42:37-08:00,0,7
contact/index.html,60,html,12c9811e,Sophie-WZR,2025-01-23,17:42:37,-08:00,2025-01-23T17:42:37-08:00,0,20
contact/index.html,61,html,12c9811e,Sophie-WZR,2025-01-23,17:42:37,-08:00,2025-01-23T17:42:37-08:00,0,52
contact/index.html,62,html,12c9811e,Sophie-WZR,2025-01-23,17:42:37,-08:00,2025-01-23T17:42:37-08:00,0,0
contact/index.html,63,html,12c9811e,Sophie-WZR,2025-01-23,17:42:37,-08:00,2025-01-23T17:42:37-08:00,0,40
contact/index.html,64,html,12c9811e,Sophie-WZR,2025-01-23,17:42:37,-08:00,2025-01-23T17:42:37-08:00,0,44
contact/index.html,65,html,12c9811e,Sophie-WZR,2025-01-23,17:42:37,-08:00,2025-01-23T17:42:37-08:00,0,37
contact/index.html,66,html,12c9811e,Sophie-WZR,2025-01-23,17:42:37,-08:00,2025-01-23T17:42:37-08:00,0,22
contact/index.html,67,html,12c9811e,Sophie-WZR,2025-01-23,17:42:37,-08:00,2025-01-23T17:42:37-08:00,0,0
contact/index.html,68,html,12c9811e,Sophie-WZR,2025-01-23,17:42:37,-08:00,2025-01-23T17:42:37-08:00,0,24
contact/index.html,69,html,12c9811e,Sophie-WZR,2025-01-23,17:42:37,-08:00,2025-01-23T17:42:37-08:00,0,31
contact/index.html,70,html,12c9811e,Sophie-WZR,2025-01-23,17:42:37,-08:00,2025-01-23T17:42:37-08:00,0,0
contact/index.html,71,html,12c9811e,Sophie-WZR,2025-01-23,17:42:37,-08:00,2025-01-23T17:42:37-08:00,0,22
contact/index.html,72,html,12c9811e,Sophie-WZR,2025-01-23,17:42:37,-08:00,2025-01-23T17:42:37-08:00,0,27
contact/index.html,73,html,12c9811e,Sophie-WZR,2025-01-23,17:42:37,-08:00,2025-01-23T17:42:37-08:00,0,32
contact/index.html,74,html,12c9811e,Sophie-WZR,2025-01-23,17:42:37,-08:00,2025-01-23T17:42:37-08:00,0,66
contact/index.html,75,html,12c9811e,Sophie-WZR,2025-01-23,17:42:37,-08:00,2025-01-23T17:42:37-08:00,0,0
contact/index.html,76,html,12c9811e,Sophie-WZR,2025-01-23,17:42:37,-08:00,2025-01-23T17:42:37-08:00,0,45
contact/index.html,77,html,12c9811e,Sophie-WZR,2025-01-23,17:42:37,-08:00,2025-01-23T17:42:37-08:00,0,0
contact/index.html,78,html,12c9811e,Sophie-WZR,2025-01-23,17:42:37,-08:00,2025-01-23T17:42:37-08:00,0,22
contact/index.html,79,html,12c9811e,Sophie-WZR,2025-01-23,17:42:37,-08:00,2025-01-23T17:42:37-08:00,0,19
contact/index.html,80,html,12c9811e,Sophie-WZR,2025-01-23,17:42:37,-08:00,2025-01-23T17:42:37-08:00,0,2
contact/index.html,81,html,00120e3a,Sophie-WZR,2025-01-23,18:53:26,-08:00,2025-01-23T18:53:26-08:00,0,0
contact/index.html,82,html,00120e3a,Sophie-WZR,2025-01-23,18:53:26,-08:00,2025-01-23T18:53:26-08:00,0,8
contact/index.html,83,html,00120e3a,Sophie-WZR,2025-01-23,18:53:26,-08:00,2025-01-23T18:53:26-08:00,0,0
contact/index.html,84,html,00120e3a,Sophie-WZR,2025-01-23,18:53:26,-08:00,2025-01-23T18:53:26-08:00,0,49
contact/index.html,85,html,12c9811e,Sophie-WZR,2025-01-23,17:42:37,-08:00,2025-01-23T17:42:37-08:00,0,6
contact/index.html,86,html,00120e3a,Sophie-WZR,2025-01-23,18:53:26,-08:00,2025-01-23T18:53:26-08:00,0,6
